session_id,user_id,region,user_segment,device,variant,peak_hour,rainy_weather,basket_size,order_subtotal,delivery_fee,checkout_started,converted_order,tipped,tip_pct,tip_amount,driver_accepted
TIP-00001,USR-0001,north,new_user,ios,control,1,1,1,18.85,2.87,1,1,1,0.1335,2.52,1
TIP-00002,USR-0002,south,casual,android,treatment,1,0,2,22.85,2.94,1,1,1,0.123,2.81,1
TIP-00003,USR-0003,east,power_user,web,control,0,0,3,23.28,2.71,1,1,1,0.1211,2.82,1
TIP-00004,USR-0004,west,new_user,ios,control,0,0,4,28.99,2.5,1,0,0,0.0,0.0,0
TIP-00005,USR-0005,north,casual,android,treatment,0,0,1,31.83,2.86,1,1,0,0.0,0.0,1
TIP-00006,USR-0006,south,power_user,web,treatment,1,0,2,33.1,2.95,1,0,0,0.0,0.0,0
TIP-00007,USR-0007,east,new_user,ios,control,1,0,3,37.93,3.73,1,0,0,0.0,0.0,0
TIP-00008,USR-0008,west,casual,android,treatment,0,1,4,40.92,3.56,1,1,1,0.1726,7.06,1
TIP-00009,USR-0009,north,power_user,web,treatment,0,0,1,45.16,3.13,1,0,0,0.0,0.0,0
TIP-00010,USR-0010,south,new_user,ios,control,0,0,2,16.95,2.74,1,1,1,0.1138,1.93,1
TIP-00011,USR-0011,east,casual,android,control,1,0,3,20.89,3.54,1,1,1,0.1205,2.52,1
TIP-00012,USR-0012,west,power_user,web,treatment,1,0,4,26.2,3.55,1,1,1,0.1671,4.38,1
TIP-00013,USR-0013,north,new_user,ios,control,0,0,1,27.61,3.58,1,0,0,0.0,0.0,0
TIP-00014,USR-0014,south,casual,android,control,0,0,2,31.38,3.24,1,0,0,0.0,0.0,0
TIP-00015,USR-0015,east,power_user,web,treatment,0,1,3,35.28,2.74,1,1,1,0.1337,4.72,1
TIP-00016,USR-0016,west,new_user,ios,treatment,1,0,4,39.02,3.8,1,1,1,0.1488,5.81,0
TIP-00017,USR-0017,north,casual,android,control,1,0,1,40.67,3.13,1,1,1,0.1075,4.37,1
TIP-00018,USR-0018,south,power_user,web,treatment,0,0,2,45.27,2.93,1,1,0,0.0,0.0,1
TIP-00019,USR-0019,east,new_user,ios,treatment,0,0,3,17.09,2.54,1,1,1,0.1626,2.78,1
TIP-00020,USR-0020,west,casual,android,control,0,0,4,20.2,2.91,1,0,0,0.0,0.0,0
TIP-00021,USR-0021,north,power_user,web,control,1,0,1,24.89,3.91,1,0,0,0.0,0.0,0
TIP-00022,USR-0022,south,new_user,ios,treatment,1,1,2,26.44,3.63,1,0,0,0.0,0.0,0
TIP-00023,USR-0023,east,casual,android,control,0,0,3,31.32,2.78,1,0,0,0.0,0.0,0
TIP-00024,USR-0024,west,power_user,web,control,0,0,4,33.16,2.97,1,1,0,0.0,0.0,0
TIP-00025,USR-0025,north,new_user,ios,treatment,0,0,1,36.84,3.04,1,1,0,0.0,0.0,0
TIP-00026,USR-0026,south,casual,android,treatment,1,0,2,40.16,3.54,1,0,0,0.0,0.0,0
TIP-00027,USR-0027,east,power_user,web,control,1,0,3,42.89,3.68,1,1,0,0.0,0.0,1
TIP-00028,USR-0028,west,new_user,ios,treatment,0,0,4,16.8,2.85,1,1,0,0.0,0.0,0
TIP-00029,USR-0029,north,casual,android,treatment,0,1,1,22.66,2.83,1,1,0,0.0,0.0,0
TIP-00030,USR-0030,south,power_user,web,control,0,0,2,23.47,3.02,1,1,0,0.0,0.0,0
TIP-00031,USR-0031,east,new_user,ios,control,1,0,3,26.81,3.36,1,1,1,0.157,4.21,1
TIP-00032,USR-0032,west,casual,android,treatment,1,0,4,30.28,3.43,1,0,0,0.0,0.0,0
TIP-00033,USR-0033,north,power_user,web,control,0,0,1,33.44,2.83,1,0,0,0.0,0.0,0
TIP-00034,USR-0034,south,new_user,ios,control,0,0,2,38.08,2.97,1,1,1,0.1134,4.32,1
TIP-00035,USR-0035,east,casual,android,treatment,0,0,3,41.08,2.74,1,1,1,0.1537,6.31,1
TIP-00036,USR-0036,west,power_user,web,treatment,1,1,4,45.3,3.79,1,1,1,0.1638,7.42,1
TIP-00037,USR-0037,north,new_user,ios,control,1,0,1,17.22,3.87,1,0,0,0.0,0.0,0
TIP-00038,USR-0038,south,casual,android,treatment,0,0,2,21.51,3.35,1,0,0,0.0,0.0,0
TIP-00039,USR-0039,east,power_user,web,treatment,0,0,3,23.81,2.6,1,1,1,0.1447,3.45,1
TIP-00040,USR-0040,west,new_user,ios,control,0,0,4,28.55,3.57,1,1,1,0.1357,3.87,0
TIP-00041,USR-0041,north,casual,android,control,1,0,1,30.4,3.05,1,1,1,0.1083,3.29,1
TIP-00042,USR-0042,south,power_user,web,treatment,1,0,2,35.75,3.33,1,0,0,0.0,0.0,0
TIP-00043,USR-0043,east,new_user,ios,control,0,1,3,37.76,2.55,1,0,0,0.0,0.0,0
TIP-00044,USR-0044,west,casual,android,control,0,0,4,41.88,3.56,1,0,0,0.0,0.0,0
TIP-00045,USR-0045,north,power_user,web,treatment,0,0,1,45.12,2.67,1,1,1,0.1251,5.64,1
TIP-00046,USR-0046,south,new_user,ios,treatment,1,0,2,18.01,3.92,1,1,0,0.0,0.0,1
TIP-00047,USR-0047,east,casual,android,control,1,0,3,21.35,3.89,1,0,0,0.0,0.0,0
TIP-00048,USR-0048,west,power_user,web,treatment,0,0,4,24.98,3.28,1,1,1,0.1803,4.5,1
TIP-00049,USR-0049,north,new_user,ios,treatment,0,0,1,28.14,3.31,1,1,1,0.1307,3.68,0
TIP-00050,USR-0050,south,casual,android,control,0,1,2,30.1,3.55,1,1,1,0.1337,4.02,1
TIP-00051,USR-0051,east,power_user,web,control,1,0,3,33.55,2.97,1,0,0,0.0,0.0,0
TIP-00052,USR-0052,west,new_user,ios,treatment,1,0,4,36.79,3.49,1,0,0,0.0,0.0,0
TIP-00053,USR-0053,north,casual,android,control,0,0,1,40.54,3.13,1,1,0,0.0,0.0,1
TIP-00054,USR-0054,south,power_user,web,control,0,0,2,44.69,2.75,1,1,0,0.0,0.0,1
TIP-00055,USR-0055,east,new_user,ios,treatment,0,0,3,17.81,3.32,1,1,1,0.1739,3.1,0
TIP-00056,USR-0056,west,casual,android,treatment,1,0,4,20.23,3.07,1,1,0,0.0,0.0,0
TIP-00057,USR-0057,north,power_user,web,control,1,1,1,26.01,3.25,1,1,0,0.0,0.0,0
TIP-00058,USR-0058,south,new_user,ios,treatment,0,0,2,28.36,3.58,1,0,0,0.0,0.0,0
TIP-00059,USR-0059,east,casual,android,treatment,0,0,3,29.63,3.39,1,1,0,0.0,0.0,0
TIP-00060,USR-0060,west,power_user,web,control,0,0,4,33.23,2.62,1,1,1,0.132,4.39,1
TIP-00061,USR-0061,north,new_user,ios,control,1,0,1,38.3,3.06,1,0,0,0.0,0.0,0
TIP-00062,USR-0062,south,casual,android,treatment,1,0,2,40.04,3.38,1,0,0,0.0,0.0,0
TIP-00063,USR-0063,east,power_user,web,control,0,0,3,45.11,2.59,1,1,1,0.1092,4.93,1
TIP-00064,USR-0064,west,new_user,ios,control,0,1,4,18.84,2.78,1,0,0,0.0,0.0,0
TIP-00065,USR-0065,north,casual,android,treatment,0,0,1,21.77,2.96,1,1,1,0.1516,3.3,0
TIP-00066,USR-0066,south,power_user,web,treatment,1,0,2,24.95,3.76,1,1,1,0.118,2.94,1
TIP-00067,USR-0067,east,new_user,ios,control,1,0,3,29.28,3.72,1,0,0,0.0,0.0,0
TIP-00068,USR-0068,west,casual,android,treatment,0,0,4,32.48,2.72,1,1,1,0.1699,5.52,0
TIP-00069,USR-0069,north,power_user,web,treatment,0,0,1,34.1,3.17,1,1,0,0.0,0.0,0
TIP-00070,USR-0070,south,new_user,ios,control,0,0,2,39.12,3.38,1,0,0,0.0,0.0,0
TIP-00071,USR-0071,east,casual,android,control,1,1,3,39.28,3.65,1,1,0,0.0,0.0,0
TIP-00072,USR-0072,west,power_user,web,treatment,1,0,4,45.17,3.73,1,1,0,0.0,0.0,1
TIP-00073,USR-0073,north,new_user,ios,control,0,0,1,19.59,3.43,1,1,0,0.0,0.0,1
TIP-00074,USR-0074,south,casual,android,control,0,0,2,20.98,3.36,1,1,1,0.1116,2.34,1
TIP-00075,USR-0075,east,power_user,web,treatment,0,0,3,25.97,3.55,1,1,1,0.141,3.66,0
TIP-00076,USR-0076,west,new_user,ios,treatment,1,0,4,28.12,3.87,1,1,0,0.0,0.0,1
TIP-00077,USR-0077,north,casual,android,control,1,0,1,32.68,3.13,1,1,1,0.1331,4.35,1
TIP-00078,USR-0078,south,power_user,web,treatment,0,1,2,34.74,3.05,1,1,1,0.125,4.34,1
TIP-00079,USR-0079,east,new_user,ios,treatment,0,0,3,36.01,3.51,1,1,0,0.0,0.0,0
TIP-00080,USR-0080,west,casual,android,control,0,0,4,41.35,2.89,1,1,0,0.0,0.0,1
TIP-00081,USR-0081,north,power_user,web,control,1,0,1,43.4,3.77,1,0,0,0.0,0.0,0
TIP-00082,USR-0082,south,new_user,ios,treatment,1,0,2,17.76,3.18,1,1,1,0.1273,2.26,1
TIP-00083,USR-0083,east,casual,android,control,0,0,3,21.35,3.52,1,0,0,0.0,0.0,0
TIP-00084,USR-0084,west,power_user,web,control,0,0,4,26.09,3.17,1,1,1,0.117,3.05,1
TIP-00085,USR-0085,north,new_user,ios,treatment,0,1,1,27.78,3.13,1,0,0,0.0,0.0,0
TIP-00086,USR-0086,south,casual,android,treatment,1,0,2,31.09,3.33,1,1,1,0.1606,4.99,0
TIP-00087,USR-0087,east,power_user,web,control,1,0,3,33.34,2.93,1,1,1,0.1274,4.25,0
TIP-00088,USR-0088,west,new_user,ios,treatment,0,0,4,38.4,3.23,1,1,1,0.1283,4.93,1
TIP-00089,USR-0089,north,casual,android,treatment,0,0,1,40.72,3.42,1,1,1,0.1376,5.6,1
TIP-00090,USR-0090,south,power_user,web,control,0,0,2,44.63,3.03,1,1,0,0.0,0.0,1
TIP-00091,USR-0091,east,new_user,ios,control,1,0,3,19.2,3.69,1,1,1,0.1187,2.28,0
TIP-00092,USR-0092,west,casual,android,treatment,1,1,4,21.66,2.9,1,1,0,0.0,0.0,1
TIP-00093,USR-0093,north,power_user,web,control,0,0,1,25.76,3.22,1,0,0,0.0,0.0,0
TIP-00094,USR-0094,south,new_user,ios,control,0,0,2,28.31,3.54,1,0,0,0.0,0.0,0
TIP-00095,USR-0095,east,casual,android,treatment,0,0,3,31.56,3.28,1,1,0,0.0,0.0,1
TIP-00096,USR-0096,west,power_user,web,treatment,1,0,4,35.67,3.66,1,1,1,0.1406,5.02,1
TIP-00097,USR-0097,north,new_user,ios,control,1,0,1,38.45,3.41,1,0,0,0.0,0.0,0
TIP-00098,USR-0098,south,casual,android,treatment,0,0,2,40.08,2.58,1,1,1,0.1286,5.15,1
TIP-00099,USR-0099,east,power_user,web,treatment,0,1,3,42.84,2.74,1,0,0,0.0,0.0,0
TIP-00100,USR-0100,west,new_user,ios,control,0,0,4,19.06,2.56,1,1,1,0.1399,2.67,1
TIP-00101,USR-0101,north,casual,android,control,1,0,1,21.34,3.84,1,1,0,0.0,0.0,0
TIP-00102,USR-0102,south,power_user,web,treatment,1,0,2,25.65,3.26,1,1,1,0.1524,3.91,0
TIP-00103,USR-0103,east,new_user,ios,control,0,0,3,29.45,2.95,1,0,0,0.0,0.0,0
TIP-00104,USR-0104,west,casual,android,control,0,0,4,31.35,3.15,1,1,1,0.141,4.42,1
TIP-00105,USR-0105,north,power_user,web,treatment,0,0,1,33.88,3.24,1,1,1,0.1287,4.36,1
TIP-00106,USR-0106,south,new_user,ios,treatment,1,1,2,37.99,2.87,1,1,1,0.1125,4.27,1
TIP-00107,USR-0107,east,casual,android,control,1,0,3,39.63,3.35,1,1,1,0.1206,4.78,1
TIP-00108,USR-0108,west,power_user,web,treatment,0,0,4,44.84,2.91,1,0,0,0.0,0.0,0
TIP-00109,USR-0109,north,new_user,ios,treatment,0,0,1,19.46,2.77,1,1,1,0.1327,2.58,0
TIP-00110,USR-0110,south,casual,android,control,0,0,2,21.12,3.21,1,0,0,0.0,0.0,0
TIP-00111,USR-0111,east,power_user,web,control,1,0,3,25.29,3.67,1,0,0,0.0,0.0,0
TIP-00112,USR-0112,west,new_user,ios,treatment,1,0,4,27.04,2.86,1,1,1,0.1638,4.43,1
TIP-00113,USR-0113,north,casual,android,control,0,1,1,30.3,3.26,1,0,0,0.0,0.0,0
TIP-00114,USR-0114,south,power_user,web,control,0,0,2,33.34,3.16,1,0,0,0.0,0.0,0
TIP-00115,USR-0115,east,new_user,ios,treatment,0,0,3,36.37,3.39,1,0,0,0.0,0.0,0
TIP-00116,USR-0116,west,casual,android,treatment,1,0,4,39.55,2.87,1,1,0,0.0,0.0,0
TIP-00117,USR-0117,north,power_user,web,control,1,0,1,43.67,3.63,1,1,0,0.0,0.0,1
TIP-00118,USR-0118,south,new_user,ios,treatment,0,0,2,17.13,3.34,1,0,0,0.0,0.0,0
TIP-00119,USR-0119,east,casual,android,treatment,0,0,3,21.92,2.62,1,0,0,0.0,0.0,0
TIP-00120,USR-0120,west,power_user,web,control,0,1,4,25.7,2.87,1,1,1,0.1448,3.72,1
TIP-00121,USR-0121,north,new_user,ios,control,1,0,1,29.12,3.74,1,1,0,0.0,0.0,1
TIP-00122,USR-0122,south,casual,android,treatment,1,0,2,32.25,3.62,1,1,0,0.0,0.0,0
TIP-00123,USR-0123,east,power_user,web,control,0,0,3,33.66,3.38,1,1,1,0.133,4.48,1
TIP-00124,USR-0124,west,new_user,ios,control,0,0,4,36.86,3.43,1,0,0,0.0,0.0,0
TIP-00125,USR-0125,north,casual,android,treatment,0,0,1,39.48,3.46,1,1,1,0.1366,5.39,1
TIP-00126,USR-0126,south,power_user,web,treatment,1,0,2,42.49,3.78,1,1,1,0.1549,6.58,1
TIP-00127,USR-0127,east,new_user,ios,control,1,1,3,19.62,3.61,1,1,1,0.1611,3.16,1
TIP-00128,USR-0128,west,casual,android,treatment,0,0,4,22.3,3.03,1,0,0,0.0,0.0,0
TIP-00129,USR-0129,north,power_user,web,treatment,0,0,1,25.41,3.2,1,1,0,0.0,0.0,1
TIP-00130,USR-0130,south,new_user,ios,control,0,0,2,27.11,3.25,1,1,0,0.0,0.0,1
TIP-00131,USR-0131,east,casual,android,control,1,0,3,31.3,3.31,1,0,0,0.0,0.0,0
TIP-00132,USR-0132,west,power_user,web,treatment,1,0,4,33.86,3.61,1,1,1,0.1336,4.52,1
TIP-00133,USR-0133,north,new_user,ios,control,0,0,1,36.38,3.08,1,0,0,0.0,0.0,0
TIP-00134,USR-0134,south,casual,android,control,0,1,2,39.79,2.73,1,1,0,0.0,0.0,0
TIP-00135,USR-0135,east,power_user,web,treatment,0,0,3,44.08,2.8,1,1,1,0.1315,5.8,1
TIP-00136,USR-0136,west,new_user,ios,treatment,1,0,4,16.85,3.43,1,1,0,0.0,0.0,1
TIP-00137,USR-0137,north,casual,android,control,1,0,1,22.23,2.98,1,0,0,0.0,0.0,0
TIP-00138,USR-0138,south,power_user,web,treatment,0,0,2,24.77,3.45,1,1,1,0.1352,3.35,1
TIP-00139,USR-0139,east,new_user,ios,treatment,0,0,3,26.56,3.53,1,1,0,0.0,0.0,1
TIP-00140,USR-0140,west,casual,android,control,0,0,4,29.84,3.18,1,1,1,0.148,4.42,1
TIP-00141,USR-0141,north,power_user,web,control,1,1,1,35.98,2.97,1,0,0,0.0,0.0,0
TIP-00142,USR-0142,south,new_user,ios,treatment,1,0,2,37.94,3.71,1,1,1,0.1358,5.15,1
TIP-00143,USR-0143,east,casual,android,control,0,0,3,41.95,3.58,1,1,0,0.0,0.0,1
TIP-00144,USR-0144,west,power_user,web,control,0,0,4,44.77,3.53,1,1,1,0.1533,6.86,1
TIP-00145,USR-0145,north,new_user,ios,treatment,0,0,1,17.36,2.57,1,1,1,0.1357,2.36,1
TIP-00146,USR-0146,south,casual,android,treatment,1,0,2,20.74,3.62,1,0,0,0.0,0.0,0
TIP-00147,USR-0147,east,power_user,web,control,1,0,3,24.65,3.6,1,0,0,0.0,0.0,0
TIP-00148,USR-0148,west,new_user,ios,treatment,0,1,4,28.92,3.18,1,0,0,0.0,0.0,0
TIP-00149,USR-0149,north,casual,android,treatment,0,0,1,32.59,2.96,1,1,0,0.0,0.0,0
TIP-00150,USR-0150,south,power_user,web,control,0,0,2,35.45,2.57,1,1,1,0.1422,5.04,1
TIP-00151,USR-0151,east,new_user,ios,control,1,0,3,36.92,2.98,1,0,0,0.0,0.0,0
TIP-00152,USR-0152,west,casual,android,treatment,1,0,4,41.44,3.88,1,1,1,0.1314,5.45,1
TIP-00153,USR-0153,north,power_user,web,control,0,0,1,43.78,2.84,1,1,1,0.1459,6.39,0
TIP-00154,USR-0154,south,new_user,ios,control,0,0,2,18.64,3.54,1,0,0,0.0,0.0,0
TIP-00155,USR-0155,east,casual,android,treatment,0,1,3,22.15,2.79,1,1,0,0.0,0.0,1
TIP-00156,USR-0156,west,power_user,web,treatment,1,0,4,25.28,3.85,1,1,1,0.1619,4.09,1
TIP-00157,USR-0157,north,new_user,ios,control,1,0,1,26.69,3.22,1,1,0,0.0,0.0,0
TIP-00158,USR-0158,south,casual,android,treatment,0,0,2,30.66,3.25,1,1,0,0.0,0.0,0
TIP-00159,USR-0159,east,power_user,web,treatment,0,0,3,34.56,2.99,1,1,1,0.1724,5.96,1
TIP-00160,USR-0160,west,new_user,ios,control,0,0,4,37.65,3.58,1,0,0,0.0,0.0,0
TIP-00161,USR-0161,north,casual,android,control,1,0,1,40.94,3.29,1,1,1,0.1346,5.51,1
TIP-00162,USR-0162,south,power_user,web,treatment,1,1,2,44.83,3.06,1,1,0,0.0,0.0,1
TIP-00163,USR-0163,east,new_user,ios,control,0,0,3,19.03,2.62,1,0,0,0.0,0.0,0
TIP-00164,USR-0164,west,casual,android,control,0,0,4,21.95,2.75,1,1,1,0.1474,3.24,1
TIP-00165,USR-0165,north,power_user,web,treatment,0,0,1,26.38,3.49,1,1,1,0.1488,3.93,1
TIP-00166,USR-0166,south,new_user,ios,treatment,1,0,2,28.69,3.4,1,1,0,0.0,0.0,0
TIP-00167,USR-0167,east,casual,android,control,1,0,3,30.38,3.45,1,1,0,0.0,0.0,1
TIP-00168,USR-0168,west,power_user,web,treatment,0,0,4,35.61,3.44,1,1,0,0.0,0.0,1
TIP-00169,USR-0169,north,new_user,ios,treatment,0,1,1,38.99,3.05,1,0,0,0.0,0.0,0
TIP-00170,USR-0170,south,casual,android,control,0,0,2,40.11,2.82,1,1,0,0.0,0.0,1
TIP-00171,USR-0171,east,power_user,web,control,1,0,3,42.88,3.43,1,1,1,0.1389,5.96,1
TIP-00172,USR-0172,west,new_user,ios,treatment,1,0,4,17.83,3.05,1,0,0,0.0,0.0,0
TIP-00173,USR-0173,north,casual,android,control,0,0,1,21.83,2.75,1,0,0,0.0,0.0,0
TIP-00174,USR-0174,south,power_user,web,control,0,0,2,23.34,3.31,1,0,0,0.0,0.0,0
TIP-00175,USR-0175,east,new_user,ios,treatment,0,0,3,29.0,2.91,1,0,0,0.0,0.0,0
TIP-00176,USR-0176,west,casual,android,treatment,1,1,4,32.23,3.92,1,1,1,0.1546,4.98,1
TIP-00177,USR-0177,north,power_user,web,control,1,0,1,35.58,3.8,1,1,1,0.1181,4.2,1
TIP-00178,USR-0178,south,new_user,ios,treatment,0,0,2,37.31,3.21,1,1,1,0.1643,6.13,1
TIP-00179,USR-0179,east,casual,android,treatment,0,0,3,41.42,3.2,1,0,0,0.0,0.0,0
TIP-00180,USR-0180,west,power_user,web,control,0,0,4,45.13,3.44,1,1,1,0.1565,7.06,1
TIP-00181,USR-0181,north,new_user,ios,control,1,0,1,19.59,2.88,1,1,0,0.0,0.0,0
TIP-00182,USR-0182,south,casual,android,treatment,1,0,2,23.19,3.66,1,1,1,0.1459,3.38,0
TIP-00183,USR-0183,east,power_user,web,control,0,1,3,24.62,3.25,1,0,0,0.0,0.0,0
TIP-00184,USR-0184,west,new_user,ios,control,0,0,4,26.55,3.37,1,1,1,0.125,3.32,1
TIP-00185,USR-0185,north,casual,android,treatment,0,0,1,31.41,3.36,1,1,1,0.1509,4.74,1
TIP-00186,USR-0186,south,power_user,web,treatment,1,0,2,33.57,3.84,1,1,1,0.125,4.2,1
TIP-00187,USR-0187,east,new_user,ios,control,1,0,3,36.03,3.73,1,0,0,0.0,0.0,0
TIP-00188,USR-0188,west,casual,android,treatment,0,0,4,41.37,2.66,1,1,1,0.1593,6.59,1
TIP-00189,USR-0189,north,power_user,web,treatment,0,0,1,43.76,2.77,1,0,0,0.0,0.0,0
TIP-00190,USR-0190,south,new_user,ios,control,0,1,2,17.44,2.91,1,1,1,0.1325,2.31,1
TIP-00191,USR-0191,east,casual,android,control,1,0,3,23.18,3.16,1,0,0,0.0,0.0,0
TIP-00192,USR-0192,west,power_user,web,treatment,1,0,4,25.31,3.14,1,1,1,0.168,4.25,1
TIP-00193,USR-0193,north,new_user,ios,control,0,0,1,28.34,3.04,1,0,0,0.0,0.0,0
TIP-00194,USR-0194,south,casual,android,control,0,0,2,30.52,3.37,1,0,0,0.0,0.0,0
TIP-00195,USR-0195,east,power_user,web,treatment,0,0,3,33.93,3.19,1,1,1,0.1587,5.38,1
TIP-00196,USR-0196,west,new_user,ios,treatment,1,0,4,38.68,3.53,1,0,0,0.0,0.0,0
TIP-00197,USR-0197,north,casual,android,control,1,1,1,41.27,3.18,1,1,1,0.1333,5.5,1
TIP-00198,USR-0198,south,power_user,web,treatment,0,0,2,43.34,3.31,1,1,1,0.1407,6.1,0
TIP-00199,USR-0199,east,new_user,ios,treatment,0,0,3,18.5,3.49,1,0,0,0.0,0.0,0
TIP-00200,USR-0200,west,casual,android,control,0,0,4,20.82,3.4,1,1,0,0.0,0.0,0
TIP-00201,USR-0201,north,power_user,web,control,1,0,1,24.28,2.97,1,0,0,0.0,0.0,0
TIP-00202,USR-0202,south,new_user,ios,treatment,1,0,2,26.85,3.9,1,0,0,0.0,0.0,0
TIP-00203,USR-0203,east,casual,android,control,0,0,3,31.92,3.57,1,0,0,0.0,0.0,0
TIP-00204,USR-0204,west,power_user,web,control,0,1,4,35.37,2.89,1,0,0,0.0,0.0,0
TIP-00205,USR-0205,north,new_user,ios,treatment,0,0,1,36.04,3.08,1,1,0,0.0,0.0,1
TIP-00206,USR-0206,south,casual,android,treatment,1,0,2,41.07,3.74,1,0,0,0.0,0.0,0
TIP-00207,USR-0207,east,power_user,web,control,1,0,3,42.75,3.1,1,1,0,0.0,0.0,1
TIP-00208,USR-0208,west,new_user,ios,treatment,0,0,4,19.73,2.73,1,1,0,0.0,0.0,0
TIP-00209,USR-0209,north,casual,android,treatment,0,0,1,20.97,2.94,1,1,0,0.0,0.0,1
TIP-00210,USR-0210,south,power_user,web,control,0,0,2,24.78,2.6,1,0,0,0.0,0.0,0
TIP-00211,USR-0211,east,new_user,ios,control,1,1,3,26.83,3.34,1,0,0,0.0,0.0,0
TIP-00212,USR-0212,west,casual,android,treatment,1,0,4,31.98,3.88,1,1,0,0.0,0.0,1
TIP-00213,USR-0213,north,power_user,web,control,0,0,1,34.13,2.6,1,1,1,0.1453,4.96,1
TIP-00214,USR-0214,south,new_user,ios,control,0,0,2,37.19,2.98,1,0,0,0.0,0.0,0
TIP-00215,USR-0215,east,casual,android,treatment,0,0,3,41.94,2.6,1,0,0,0.0,0.0,0
TIP-00216,USR-0216,west,power_user,web,treatment,1,0,4,44.14,3.92,1,1,1,0.1374,6.06,1
TIP-00217,USR-0217,north,new_user,ios,control,1,0,1,19.51,3.34,1,0,0,0.0,0.0,0
TIP-00218,USR-0218,south,casual,android,treatment,0,1,2,22.05,3.15,1,1,0,0.0,0.0,1
TIP-00219,USR-0219,east,power_user,web,treatment,0,0,3,23.6,3.11,1,1,0,0.0,0.0,1
TIP-00220,USR-0220,west,new_user,ios,control,0,0,4,27.09,3.45,1,1,1,0.1665,4.51,1
TIP-00221,USR-0221,north,casual,android,control,1,0,1,32.35,3.0,1,1,1,0.1026,3.32,1
TIP-00222,USR-0222,south,power_user,web,treatment,1,0,2,32.88,2.86,1,0,0,0.0,0.0,0
TIP-00223,USR-0223,east,new_user,ios,control,0,0,3,36.76,2.85,1,1,1,0.1498,5.51,1
TIP-00224,USR-0224,west,casual,android,control,0,0,4,41.59,3.01,1,0,0,0.0,0.0,0
TIP-00225,USR-0225,north,power_user,web,treatment,0,1,1,44.04,2.61,1,1,0,0.0,0.0,1
TIP-00226,USR-0226,south,new_user,ios,treatment,1,0,2,19.31,3.79,1,1,1,0.164,3.17,1
TIP-00227,USR-0227,east,casual,android,control,1,0,3,21.53,3.28,1,0,0,0.0,0.0,0
TIP-00228,USR-0228,west,power_user,web,treatment,0,0,4,24.77,3.49,1,1,1,0.1605,3.98,1
TIP-00229,USR-0229,north,new_user,ios,treatment,0,0,1,27.28,3.19,1,1,1,0.1577,4.3,1
TIP-00230,USR-0230,south,casual,android,control,0,0,2,31.05,3.16,1,1,0,0.0,0.0,0
TIP-00231,USR-0231,east,power_user,web,control,1,0,3,34.88,3.69,1,0,0,0.0,0.0,0
TIP-00232,USR-0232,west,new_user,ios,treatment,1,1,4,36.69,3.34,1,1,1,0.1519,5.57,1
TIP-00233,USR-0233,north,casual,android,control,0,0,1,39.5,2.96,1,0,0,0.0,0.0,0
TIP-00234,USR-0234,south,power_user,web,control,0,0,2,43.6,2.66,1,0,0,0.0,0.0,0
TIP-00235,USR-0235,east,new_user,ios,treatment,0,0,3,17.01,3.4,1,1,1,0.1596,2.71,0
TIP-00236,USR-0236,west,casual,android,treatment,1,0,4,21.78,3.49,1,1,1,0.1337,2.91,1
TIP-00237,USR-0237,north,power_user,web,control,1,0,1,25.33,3.67,1,0,0,0.0,0.0,0
TIP-00238,USR-0238,south,new_user,ios,treatment,0,0,2,28.71,3.56,1,0,0,0.0,0.0,0
TIP-00239,USR-0239,east,casual,android,treatment,0,1,3,30.73,3.13,1,1,0,0.0,0.0,1
TIP-00240,USR-0240,west,power_user,web,control,0,0,4,33.15,3.42,1,1,0,0.0,0.0,1
TIP-00241,USR-0241,north,new_user,ios,control,1,0,1,38.58,3.77,1,0,0,0.0,0.0,0
TIP-00242,USR-0242,south,casual,android,treatment,1,0,2,41.82,3.51,1,0,0,0.0,0.0,0
TIP-00243,USR-0243,east,power_user,web,control,0,0,3,42.48,3.51,1,0,0,0.0,0.0,0
TIP-00244,USR-0244,west,new_user,ios,control,0,0,4,17.66,2.69,1,0,0,0.0,0.0,0
TIP-00245,USR-0245,north,casual,android,treatment,0,0,1,20.99,2.86,1,1,0,0.0,0.0,1
TIP-00246,USR-0246,south,power_user,web,treatment,1,1,2,24.48,3.0,1,1,1,0.152,3.72,1
TIP-00247,USR-0247,east,new_user,ios,control,1,0,3,27.74,3.21,1,1,0,0.0,0.0,0
TIP-00248,USR-0248,west,casual,android,treatment,0,0,4,31.42,2.58,1,1,1,0.161,5.06,1
TIP-00249,USR-0249,north,power_user,web,treatment,0,0,1,33.67,3.22,1,1,1,0.118,3.97,1
TIP-00250,USR-0250,south,new_user,ios,control,0,0,2,36.36,2.96,1,1,0,0.0,0.0,1
TIP-00251,USR-0251,east,casual,android,control,1,0,3,41.33,2.89,1,1,1,0.1094,4.52,1
TIP-00252,USR-0252,west,power_user,web,treatment,1,0,4,43.08,2.99,1,1,1,0.1274,5.49,1
TIP-00253,USR-0253,north,new_user,ios,control,0,1,1,17.36,2.91,1,0,0,0.0,0.0,0
TIP-00254,USR-0254,south,casual,android,control,0,0,2,21.6,3.41,1,0,0,0.0,0.0,0
TIP-00255,USR-0255,east,power_user,web,treatment,0,0,3,23.43,3.44,1,1,1,0.1697,3.98,0
TIP-00256,USR-0256,west,new_user,ios,treatment,1,0,4,28.24,3.47,1,0,0,0.0,0.0,0
TIP-00257,USR-0257,north,casual,android,control,1,0,1,30.94,2.97,1,1,1,0.1371,4.24,1
TIP-00258,USR-0258,south,power_user,web,treatment,0,0,2,35.46,3.5,1,1,0,0.0,0.0,1
TIP-00259,USR-0259,east,new_user,ios,treatment,0,0,3,37.88,3.07,1,1,1,0.1377,5.22,1
TIP-00260,USR-0260,west,casual,android,control,0,1,4,39.74,3.05,1,1,1,0.1668,6.63,1
TIP-00261,USR-0261,north,power_user,web,control,1,0,1,44.73,3.74,1,0,0,0.0,0.0,0
TIP-00262,USR-0262,south,new_user,ios,treatment,1,0,2,17.56,3.0,1,1,1,0.1528,2.68,1
TIP-00263,USR-0263,east,casual,android,control,0,0,3,20.57,3.34,1,1,0,0.0,0.0,0
TIP-00264,USR-0264,west,power_user,web,control,0,0,4,24.64,3.51,1,1,1,0.1513,3.73,0
TIP-00265,USR-0265,north,new_user,ios,treatment,0,0,1,28.41,2.66,1,1,1,0.1197,3.4,1
TIP-00266,USR-0266,south,casual,android,treatment,1,0,2,29.78,3.4,1,1,1,0.1141,3.4,0
TIP-00267,USR-0267,east,power_user,web,control,1,1,3,33.05,3.79,1,0,0,0.0,0.0,0
TIP-00268,USR-0268,west,new_user,ios,treatment,0,0,4,37.97,3.05,1,1,1,0.1705,6.47,0
TIP-00269,USR-0269,north,casual,android,treatment,0,0,1,40.64,3.38,1,0,0,0.0,0.0,0
TIP-00270,USR-0270,south,power_user,web,control,0,0,2,43.43,3.01,1,1,1,0.1067,4.63,0
TIP-00271,USR-0271,east,new_user,ios,control,1,0,3,17.9,3.63,1,1,1,0.1226,2.19,1
TIP-00272,USR-0272,west,casual,android,treatment,1,0,4,21.41,3.42,1,1,1,0.1426,3.05,1
TIP-00273,USR-0273,north,power_user,web,control,0,0,1,24.28,3.15,1,0,0,0.0,0.0,0
TIP-00274,USR-0274,south,new_user,ios,control,0,1,2,28.47,2.56,1,1,0,0.0,0.0,1
TIP-00275,USR-0275,east,casual,android,treatment,0,0,3,31.92,3.21,1,0,0,0.0,0.0,0
TIP-00276,USR-0276,west,power_user,web,treatment,1,0,4,35.59,3.21,1,1,1,0.1462,5.2,0
TIP-00277,USR-0277,north,new_user,ios,control,1,0,1,38.24,3.27,1,0,0,0.0,0.0,0
TIP-00278,USR-0278,south,casual,android,treatment,0,0,2,42.2,2.83,1,1,0,0.0,0.0,0
TIP-00279,USR-0279,east,power_user,web,treatment,0,0,3,44.54,3.4,1,0,0,0.0,0.0,0
TIP-00280,USR-0280,west,new_user,ios,control,0,0,4,18.99,3.07,1,0,0,0.0,0.0,0
TIP-00281,USR-0281,north,casual,android,control,1,1,1,21.35,3.24,1,1,1,0.1048,2.24,0
TIP-00282,USR-0282,south,power_user,web,treatment,1,0,2,24.76,3.09,1,1,1,0.1574,3.9,1
TIP-00283,USR-0283,east,new_user,ios,control,0,0,3,28.87,3.41,1,0,0,0.0,0.0,0
TIP-00284,USR-0284,west,casual,android,control,0,0,4,29.72,2.86,1,0,0,0.0,0.0,0
TIP-00285,USR-0285,north,power_user,web,treatment,0,0,1,33.22,2.9,1,1,0,0.0,0.0,0
TIP-00286,USR-0286,south,new_user,ios,treatment,1,0,2,38.59,3.02,1,1,1,0.1482,5.72,1
TIP-00287,USR-0287,east,casual,android,control,1,0,3,40.62,3.15,1,0,0,0.0,0.0,0
TIP-00288,USR-0288,west,power_user,web,treatment,0,1,4,43.84,3.08,1,1,0,0.0,0.0,1
TIP-00289,USR-0289,north,new_user,ios,treatment,0,0,1,19.47,2.89,1,0,0,0.0,0.0,0
TIP-00290,USR-0290,south,casual,android,control,0,0,2,23.15,3.0,1,1,1,0.13,3.01,0
TIP-00291,USR-0291,east,power_user,web,control,1,0,3,25.81,3.72,1,1,1,0.1443,3.72,0
TIP-00292,USR-0292,west,new_user,ios,treatment,1,0,4,28.17,2.95,1,0,0,0.0,0.0,0
TIP-00293,USR-0293,north,casual,android,control,0,0,1,32.32,2.8,1,0,0,0.0,0.0,0
TIP-00294,USR-0294,south,power_user,web,control,0,0,2,33.67,3.49,1,1,1,0.1531,5.15,1
TIP-00295,USR-0295,east,new_user,ios,treatment,0,1,3,37.44,2.87,1,1,1,0.1466,5.49,1
TIP-00296,USR-0296,west,casual,android,treatment,1,0,4,42.38,3.25,1,1,0,0.0,0.0,0
TIP-00297,USR-0297,north,power_user,web,control,1,0,1,44.48,3.71,1,1,1,0.1386,6.16,1
TIP-00298,USR-0298,south,new_user,ios,treatment,0,0,2,17.24,3.27,1,1,1,0.1154,1.99,1
TIP-00299,USR-0299,east,casual,android,treatment,0,0,3,22.67,3.09,1,0,0,0.0,0.0,0
TIP-00300,USR-0300,west,power_user,web,control,0,0,4,24.89,2.61,1,1,1,0.1196,2.98,1
TIP-00301,USR-0301,north,new_user,ios,control,1,0,1,28.94,3.34,1,1,0,0.0,0.0,1
TIP-00302,USR-0302,south,casual,android,treatment,1,1,2,29.65,3.41,1,1,1,0.1346,3.99,1
TIP-00303,USR-0303,east,power_user,web,control,0,0,3,33.57,2.95,1,0,0,0.0,0.0,0
TIP-00304,USR-0304,west,new_user,ios,control,0,0,4,36.27,3.56,1,1,1,0.1449,5.26,0
TIP-00305,USR-0305,north,casual,android,treatment,0,0,1,40.97,2.92,1,1,1,0.157,6.43,1
TIP-00306,USR-0306,south,power_user,web,treatment,1,0,2,42.45,3.71,1,1,1,0.1456,6.18,0
TIP-00307,USR-0307,east,new_user,ios,control,1,0,3,19.15,3.21,1,1,1,0.1537,2.94,1
TIP-00308,USR-0308,west,casual,android,treatment,0,0,4,22.49,3.0,1,0,0,0.0,0.0,0
TIP-00309,USR-0309,north,power_user,web,treatment,0,1,1,25.22,3.38,1,1,0,0.0,0.0,1
TIP-00310,USR-0310,south,new_user,ios,control,0,0,2,27.34,2.54,1,1,1,0.1523,4.16,1
TIP-00311,USR-0311,east,casual,android,control,1,0,3,32.77,3.44,1,1,0,0.0,0.0,1
TIP-00312,USR-0312,west,power_user,web,treatment,1,0,4,33.94,3.7,1,0,0,0.0,0.0,0
TIP-00313,USR-0313,north,new_user,ios,control,0,0,1,37.06,2.63,1,1,0,0.0,0.0,0
TIP-00314,USR-0314,south,casual,android,control,0,0,2,42.06,2.92,1,0,0,0.0,0.0,0
TIP-00315,USR-0315,east,power_user,web,treatment,0,0,3,43.99,3.04,1,0,0,0.0,0.0,0
TIP-00316,USR-0316,west,new_user,ios,treatment,1,1,4,18.46,3.72,1,0,0,0.0,0.0,0
TIP-00317,USR-0317,north,casual,android,control,1,0,1,20.25,3.5,1,0,0,0.0,0.0,0
TIP-00318,USR-0318,south,power_user,web,treatment,0,0,2,24.95,2.84,1,1,1,0.1279,3.19,1
TIP-00319,USR-0319,east,new_user,ios,treatment,0,0,3,27.76,3.25,1,1,1,0.1669,4.63,1
TIP-00320,USR-0320,west,casual,android,control,0,0,4,32.79,2.79,1,0,0,0.0,0.0,0
TIP-00321,USR-0321,north,power_user,web,control,1,0,1,35.83,2.92,1,1,1,0.1371,4.91,1
TIP-00322,USR-0322,south,new_user,ios,treatment,1,0,2,39.05,3.0,1,0,0,0.0,0.0,0
TIP-00323,USR-0323,east,casual,android,control,0,1,3,41.7,2.53,1,1,0,0.0,0.0,1
TIP-00324,USR-0324,west,power_user,web,control,0,0,4,43.63,3.11,1,1,0,0.0,0.0,0
TIP-00325,USR-0325,north,new_user,ios,treatment,0,0,1,17.99,3.33,1,0,0,0.0,0.0,0
TIP-00326,USR-0326,south,casual,android,treatment,1,0,2,21.69,3.28,1,0,0,0.0,0.0,0
TIP-00327,USR-0327,east,power_user,web,control,1,0,3,24.0,2.96,1,0,0,0.0,0.0,0
TIP-00328,USR-0328,west,new_user,ios,treatment,0,0,4,28.0,2.92,1,0,0,0.0,0.0,0
TIP-00329,USR-0329,north,casual,android,treatment,0,0,1,30.44,2.78,1,1,0,0.0,0.0,1
TIP-00330,USR-0330,south,power_user,web,control,0,1,2,35.73,3.03,1,1,0,0.0,0.0,1
TIP-00331,USR-0331,east,new_user,ios,control,1,0,3,38.88,3.33,1,1,0,0.0,0.0,0
TIP-00332,USR-0332,west,casual,android,treatment,1,0,4,40.22,3.22,1,1,1,0.176,7.08,0
TIP-00333,USR-0333,north,power_user,web,control,0,0,1,44.68,3.51,1,1,0,0.0,0.0,1
TIP-00334,USR-0334,south,new_user,ios,control,0,0,2,17.19,2.71,1,1,0,0.0,0.0,1
TIP-00335,USR-0335,east,casual,android,treatment,0,0,3,21.77,2.9,1,0,0,0.0,0.0,0
TIP-00336,USR-0336,west,power_user,web,treatment,1,0,4,24.97,3.51,1,1,1,0.182,4.54,1
TIP-00337,USR-0337,north,new_user,ios,control,1,1,1,28.08,3.69,1,0,0,0.0,0.0,0
TIP-00338,USR-0338,south,casual,android,treatment,0,0,2,29.84,3.56,1,0,0,0.0,0.0,0
TIP-00339,USR-0339,east,power_user,web,treatment,0,0,3,34.24,3.24,1,1,0,0.0,0.0,0
TIP-00340,USR-0340,west,new_user,ios,control,0,0,4,38.05,2.69,1,0,0,0.0,0.0,0
TIP-00341,USR-0341,north,casual,android,control,1,0,1,40.58,3.84,1,1,1,0.1014,4.11,1
TIP-00342,USR-0342,south,power_user,web,treatment,1,0,2,43.43,3.62,1,1,0,0.0,0.0,0
TIP-00343,USR-0343,east,new_user,ios,control,0,0,3,19.51,2.77,1,0,0,0.0,0.0,0
TIP-00344,USR-0344,west,casual,android,control,0,1,4,21.76,2.63,1,1,1,0.1446,3.15,1
TIP-00345,USR-0345,north,power_user,web,treatment,0,0,1,26.21,2.66,1,0,0,0.0,0.0,0
TIP-00346,USR-0346,south,new_user,ios,treatment,1,0,2,28.71,3.51,1,0,0,0.0,0.0,0
TIP-00347,USR-0347,east,casual,android,control,1,0,3,31.4,3.75,1,1,1,0.1443,4.53,1
TIP-00348,USR-0348,west,power_user,web,treatment,0,0,4,34.88,3.33,1,1,1,0.1544,5.39,1
TIP-00349,USR-0349,north,new_user,ios,treatment,0,0,1,36.93,3.54,1,1,0,0.0,0.0,1
TIP-00350,USR-0350,south,casual,android,control,0,0,2,40.15,2.57,1,1,1,0.1276,5.12,1
TIP-00351,USR-0351,east,power_user,web,control,1,1,3,44.34,3.18,1,0,0,0.0,0.0,0
TIP-00352,USR-0352,west,new_user,ios,treatment,1,0,4,19.15,3.79,1,0,0,0.0,0.0,0
TIP-00353,USR-0353,north,casual,android,control,0,0,1,20.42,2.9,1,1,1,0.1187,2.42,1
TIP-00354,USR-0354,south,power_user,web,control,0,0,2,23.99,2.6,1,1,1,0.1348,3.23,1
TIP-00355,USR-0355,east,new_user,ios,treatment,0,0,3,29.17,2.67,1,1,1,0.1362,3.97,1
TIP-00356,USR-0356,west,casual,android,treatment,1,0,4,31.19,3.41,1,1,1,0.1283,4.0,0
TIP-00357,USR-0357,north,power_user,web,control,1,0,1,34.42,3.9,1,1,1,0.0958,3.3,1
TIP-00358,USR-0358,south,new_user,ios,treatment,0,1,2,38.82,3.21,1,1,1,0.1576,6.12,1
TIP-00359,USR-0359,east,casual,android,treatment,0,0,3,42.02,3.29,1,0,0,0.0,0.0,0
TIP-00360,USR-0360,west,power_user,web,control,0,0,4,43.57,2.93,1,1,1,0.1474,6.42,1
TIP-00361,USR-0001,north,new_user,ios,control,1,0,1,18.41,3.68,1,1,0,0.0,0.0,1
TIP-00362,USR-0002,south,casual,android,treatment,1,0,2,20.38,3.91,1,1,0,0.0,0.0,1
TIP-00363,USR-0003,east,power_user,web,control,0,0,3,26.2,3.32,1,1,1,0.1365,3.58,1
TIP-00364,USR-0004,west,new_user,ios,control,0,0,4,26.84,2.86,1,1,1,0.1503,4.03,1
TIP-00365,USR-0005,north,casual,android,treatment,0,1,1,30.65,3.16,1,1,0,0.0,0.0,0
TIP-00366,USR-0006,south,power_user,web,treatment,1,0,2,33.76,3.21,1,0,0,0.0,0.0,0
TIP-00367,USR-0007,east,new_user,ios,control,1,0,3,37.7,3.62,1,1,0,0.0,0.0,1
TIP-00368,USR-0008,west,casual,android,treatment,0,0,4,41.36,3.57,1,1,0,0.0,0.0,1
TIP-00369,USR-0009,north,power_user,web,treatment,0,0,1,44.6,2.52,1,1,0,0.0,0.0,0
TIP-00370,USR-0010,south,new_user,ios,control,0,0,2,19.28,3.13,1,0,0,0.0,0.0,0
TIP-00371,USR-0011,east,casual,android,control,1,0,3,21.87,3.03,1,0,0,0.0,0.0,0
TIP-00372,USR-0012,west,power_user,web,treatment,1,1,4,25.18,3.77,1,1,1,0.1287,3.24,0
TIP-00373,USR-0013,north,new_user,ios,control,0,0,1,26.75,2.51,1,1,1,0.131,3.5,1
TIP-00374,USR-0014,south,casual,android,control,0,0,2,32.08,3.5,1,0,0,0.0,0.0,0
TIP-00375,USR-0015,east,power_user,web,treatment,0,0,3,35.15,2.56,1,1,1,0.1369,4.81,1
TIP-00376,USR-0016,west,new_user,ios,treatment,1,0,4,37.68,3.19,1,1,0,0.0,0.0,1
TIP-00377,USR-0017,north,casual,android,control,1,0,1,40.33,3.69,1,0,0,0.0,0.0,0
TIP-00378,USR-0018,south,power_user,web,treatment,0,0,2,44.46,3.25,1,1,1,0.1246,5.54,1
TIP-00379,USR-0019,east,new_user,ios,treatment,0,1,3,17.52,3.56,1,1,1,0.1304,2.28,1
TIP-00380,USR-0020,west,casual,android,control,0,0,4,21.01,2.87,1,0,0,0.0,0.0,0
TIP-00381,USR-0021,north,power_user,web,control,1,0,1,25.75,3.14,1,1,1,0.1139,2.93,0
TIP-00382,USR-0022,south,new_user,ios,treatment,1,0,2,29.02,3.89,1,0,0,0.0,0.0,0
TIP-00383,USR-0023,east,casual,android,control,0,0,3,30.53,2.81,1,0,0,0.0,0.0,0
TIP-00384,USR-0024,west,power_user,web,control,0,0,4,33.91,2.98,1,1,1,0.1281,4.34,1
TIP-00385,USR-0025,north,new_user,ios,treatment,0,0,1,38.99,3.26,1,1,1,0.1353,5.28,1
TIP-00386,USR-0026,south,casual,android,treatment,1,1,2,41.34,3.42,1,0,0,0.0,0.0,0
TIP-00387,USR-0027,east,power_user,web,control,1,0,3,42.57,3.29,1,0,0,0.0,0.0,0
TIP-00388,USR-0028,west,new_user,ios,treatment,0,0,4,17.12,3.34,1,1,1,0.1781,3.05,1
TIP-00389,USR-0029,north,casual,android,treatment,0,0,1,22.99,3.46,1,1,1,0.156,3.59,1
TIP-00390,USR-0030,south,power_user,web,control,0,0,2,25.27,3.49,1,1,1,0.1304,3.3,1
TIP-00391,USR-0031,east,new_user,ios,control,1,0,3,29.4,3.84,1,1,0,0.0,0.0,1
TIP-00392,USR-0032,west,casual,android,treatment,1,0,4,32.54,3.94,1,1,1,0.1785,5.81,0
TIP-00393,USR-0033,north,power_user,web,control,0,1,1,35.76,3.45,1,1,1,0.0989,3.54,0
TIP-00394,USR-0034,south,new_user,ios,control,0,0,2,36.91,3.58,1,1,1,0.1526,5.63,0
TIP-00395,USR-0035,east,casual,android,treatment,0,0,3,40.7,2.7,1,1,1,0.1442,5.87,1
TIP-00396,USR-0036,west,power_user,web,treatment,1,0,4,43.0,3.65,1,0,0,0.0,0.0,0
TIP-00397,USR-0037,north,new_user,ios,control,1,0,1,18.62,3.67,1,1,0,0.0,0.0,0
TIP-00398,USR-0038,south,casual,android,treatment,0,0,2,22.65,3.06,1,1,0,0.0,0.0,1
TIP-00399,USR-0039,east,power_user,web,treatment,0,0,3,23.65,2.85,1,1,1,0.132,3.12,1
TIP-00400,USR-0040,west,new_user,ios,control,0,1,4,29.45,2.82,1,0,0,0.0,0.0,0
TIP-00401,USR-0041,north,casual,android,control,1,0,1,29.64,3.56,1,0,0,0.0,0.0,0
TIP-00402,USR-0042,south,power_user,web,treatment,1,0,2,33.0,2.97,1,1,1,0.1386,4.57,0
TIP-00403,USR-0043,east,new_user,ios,control,0,0,3,38.25,2.83,1,1,0,0.0,0.0,1
TIP-00404,USR-0044,west,casual,android,control,0,0,4,41.17,2.73,1,1,1,0.1581,6.51,1
TIP-00405,USR-0045,north,power_user,web,treatment,0,0,1,43.73,3.09,1,1,1,0.1395,6.1,1
TIP-00406,USR-0046,south,new_user,ios,treatment,1,0,2,17.59,3.67,1,0,0,0.0,0.0,0
TIP-00407,USR-0047,east,casual,android,control,1,1,3,20.26,3.33,1,0,0,0.0,0.0,0
TIP-00408,USR-0048,west,power_user,web,treatment,0,0,4,23.45,3.11,1,1,1,0.1548,3.63,1
TIP-00409,USR-0049,north,new_user,ios,treatment,0,0,1,26.88,2.85,1,1,1,0.1143,3.07,1
TIP-00410,USR-0050,south,casual,android,control,0,0,2,29.89,3.05,1,0,0,0.0,0.0,0
TIP-00411,USR-0051,east,power_user,web,control,1,0,3,34.25,3.4,1,1,1,0.1344,4.6,0
TIP-00412,USR-0052,west,new_user,ios,treatment,1,0,4,38.31,3.28,1,0,0,0.0,0.0,0
TIP-00413,USR-0053,north,casual,android,control,0,0,1,41.59,3.13,1,1,1,0.0965,4.01,0
TIP-00414,USR-0054,south,power_user,web,control,0,1,2,45.39,2.57,1,0,0,0.0,0.0,0
TIP-00415,USR-0055,east,new_user,ios,treatment,0,0,3,16.9,2.94,1,0,0,0.0,0.0,0
TIP-00416,USR-0056,west,casual,android,treatment,1,0,4,22.45,3.92,1,0,0,0.0,0.0,0
TIP-00417,USR-0057,north,power_user,web,control,1,0,1,24.55,3.93,1,1,0,0.0,0.0,0
TIP-00418,USR-0058,south,new_user,ios,treatment,0,0,2,27.6,3.24,1,0,0,0.0,0.0,0
TIP-00419,USR-0059,east,casual,android,treatment,0,0,3,31.33,3.21,1,1,1,0.1485,4.65,1
TIP-00420,USR-0060,west,power_user,web,control,0,0,4,35.13,2.73,1,1,1,0.1334,4.69,1
TIP-00421,USR-0061,north,new_user,ios,control,1,1,1,37.74,3.43,1,0,0,0.0,0.0,0
TIP-00422,USR-0062,south,casual,android,treatment,1,0,2,39.99,3.22,1,1,0,0.0,0.0,0
TIP-00423,USR-0063,east,power_user,web,control,0,0,3,42.76,3.38,1,1,0,0.0,0.0,0
TIP-00424,USR-0064,west,new_user,ios,control,0,0,4,16.85,2.72,1,1,1,0.1499,2.53,1
TIP-00425,USR-0065,north,casual,android,treatment,0,0,1,20.16,3.3,1,1,1,0.1149,2.32,0
TIP-00426,USR-0066,south,power_user,web,treatment,1,0,2,23.38,3.39,1,1,0,0.0,0.0,0
TIP-00427,USR-0067,east,new_user,ios,control,1,0,3,27.42,3.5,1,0,0,0.0,0.0,0
TIP-00428,USR-0068,west,casual,android,treatment,0,1,4,30.63,2.82,1,1,0,0.0,0.0,1
TIP-00429,USR-0069,north,power_user,web,treatment,0,0,1,33.76,2.56,1,0,0,0.0,0.0,0
TIP-00430,USR-0070,south,new_user,ios,control,0,0,2,38.82,3.49,1,0,0,0.0,0.0,0
TIP-00431,USR-0071,east,casual,android,control,1,0,3,40.57,3.39,1,0,0,0.0,0.0,0
TIP-00432,USR-0072,west,power_user,web,treatment,1,0,4,45.41,3.58,1,0,0,0.0,0.0,0
TIP-00433,USR-0073,north,new_user,ios,control,0,0,1,17.82,2.95,1,1,1,0.1345,2.4,1
TIP-00434,USR-0074,south,casual,android,control,0,0,2,22.72,2.82,1,0,0,0.0,0.0,0
TIP-00435,USR-0075,east,power_user,web,treatment,0,1,3,25.78,3.5,1,1,0,0.0,0.0,1
TIP-00436,USR-0076,west,new_user,ios,treatment,1,0,4,26.83,3.11,1,1,1,0.1777,4.77,0
TIP-00437,USR-0077,north,casual,android,control,1,0,1,29.9,3.64,1,1,1,0.1301,3.89,1
TIP-00438,USR-0078,south,power_user,web,treatment,0,0,2,35.6,2.7,1,0,0,0.0,0.0,0
TIP-00439,USR-0079,east,new_user,ios,treatment,0,0,3,38.32,3.1,1,1,0,0.0,0.0,1
TIP-00440,USR-0080,west,casual,android,control,0,0,4,42.26,2.51,1,0,0,0.0,0.0,0
TIP-00441,USR-0081,north,power_user,web,control,1,0,1,45.48,2.97,1,0,0,0.0,0.0,0
TIP-00442,USR-0082,south,new_user,ios,treatment,1,1,2,18.33,3.11,1,0,0,0.0,0.0,0
TIP-00443,USR-0083,east,casual,android,control,0,0,3,20.65,3.5,1,1,0,0.0,0.0,1
TIP-00444,USR-0084,west,power_user,web,control,0,0,4,24.91,2.89,1,1,1,0.1444,3.6,1
TIP-00445,USR-0085,north,new_user,ios,treatment,0,0,1,29.54,3.01,1,0,0,0.0,0.0,0
TIP-00446,USR-0086,south,casual,android,treatment,1,0,2,32.53,3.25,1,1,1,0.1232,4.01,1
TIP-00447,USR-0087,east,power_user,web,control,1,0,3,33.63,3.87,1,1,1,0.1174,3.95,1
TIP-00448,USR-0088,west,new_user,ios,treatment,0,0,4,37.22,3.41,1,1,0,0.0,0.0,1
TIP-00449,USR-0089,north,casual,android,treatment,0,1,1,40.02,3.39,1,0,0,0.0,0.0,0
TIP-00450,USR-0090,south,power_user,web,control,0,0,2,44.45,3.03,1,1,0,0.0,0.0,1
TIP-00451,USR-0091,east,new_user,ios,control,1,0,3,19.11,3.38,1,0,0,0.0,0.0,0
TIP-00452,USR-0092,west,casual,android,treatment,1,0,4,21.73,3.55,1,1,1,0.1736,3.77,0
TIP-00453,USR-0093,north,power_user,web,control,0,0,1,25.34,3.33,1,1,0,0.0,0.0,1
TIP-00454,USR-0094,south,new_user,ios,control,0,0,2,28.66,2.5,1,1,1,0.135,3.87,1
TIP-00455,USR-0095,east,casual,android,treatment,0,0,3,31.57,3.02,1,1,1,0.1493,4.71,1
TIP-00456,USR-0096,west,power_user,web,treatment,1,1,4,34.49,3.14,1,0,0,0.0,0.0,0
TIP-00457,USR-0097,north,new_user,ios,control,1,0,1,36.05,3.73,1,0,0,0.0,0.0,0
TIP-00458,USR-0098,south,casual,android,treatment,0,0,2,41.78,3.49,1,1,1,0.1192,4.98,1
TIP-00459,USR-0099,east,power_user,web,treatment,0,0,3,44.08,3.39,1,1,1,0.1395,6.15,1
TIP-00460,USR-0100,west,new_user,ios,control,0,0,4,18.61,3.58,1,1,0,0.0,0.0,0
TIP-00461,USR-0101,north,casual,android,control,1,0,1,22.09,3.78,1,0,0,0.0,0.0,0
TIP-00462,USR-0102,south,power_user,web,treatment,1,0,2,23.5,3.26,1,1,1,0.1115,2.62,1
TIP-00463,USR-0103,east,new_user,ios,control,0,1,3,28.0,2.97,1,0,0,0.0,0.0,0
TIP-00464,USR-0104,west,casual,android,control,0,0,4,31.41,3.43,1,1,1,0.1193,3.75,1
TIP-00465,USR-0105,north,power_user,web,treatment,0,0,1,35.58,3.47,1,1,1,0.1071,3.81,0
TIP-00466,USR-0106,south,new_user,ios,treatment,1,0,2,38.88,3.46,1,1,0,0.0,0.0,1
TIP-00467,USR-0107,east,casual,android,control,1,0,3,42.28,3.49,1,0,0,0.0,0.0,0
TIP-00468,USR-0108,west,power_user,web,treatment,0,0,4,44.68,2.93,1,1,1,0.1402,6.26,0
TIP-00469,USR-0109,north,new_user,ios,treatment,0,0,1,18.05,3.48,1,1,0,0.0,0.0,1
TIP-00470,USR-0110,south,casual,android,control,0,1,2,23.16,3.29,1,1,0,0.0,0.0,1
TIP-00471,USR-0111,east,power_user,web,control,1,0,3,24.6,3.76,1,1,0,0.0,0.0,0
TIP-00472,USR-0112,west,new_user,ios,treatment,1,0,4,27.67,3.69,1,1,1,0.1816,5.02,1
TIP-00473,USR-0113,north,casual,android,control,0,0,1,30.74,3.53,1,1,0,0.0,0.0,1
TIP-00474,USR-0114,south,power_user,web,control,0,0,2,33.07,3.17,1,0,0,0.0,0.0,0
TIP-00475,USR-0115,east,new_user,ios,treatment,0,0,3,38.28,2.58,1,1,0,0.0,0.0,1
TIP-00476,USR-0116,west,casual,android,treatment,1,0,4,41.57,3.19,1,1,1,0.144,5.99,1
TIP-00477,USR-0117,north,power_user,web,control,1,1,1,43.26,2.99,1,1,1,0.1235,5.34,1
TIP-00478,USR-0118,south,new_user,ios,treatment,0,0,2,16.88,2.88,1,1,1,0.1288,2.17,1
TIP-00479,USR-0119,east,casual,android,treatment,0,0,3,20.93,2.92,1,1,0,0.0,0.0,0
TIP-00480,USR-0120,west,power_user,web,control,0,0,4,26.33,3.12,1,1,1,0.1246,3.28,1
TIP-00481,USR-0121,north,new_user,ios,control,1,0,1,27.98,2.91,1,1,1,0.1196,3.35,1
TIP-00482,USR-0122,south,casual,android,treatment,1,0,2,30.41,3.11,1,0,0,0.0,0.0,0
TIP-00483,USR-0123,east,power_user,web,control,0,0,3,34.7,2.71,1,1,1,0.1612,5.59,1
TIP-00484,USR-0124,west,new_user,ios,control,0,1,4,37.98,3.37,1,1,1,0.1619,6.15,0
TIP-00485,USR-0125,north,casual,android,treatment,0,0,1,42.32,2.64,1,1,0,0.0,0.0,1
TIP-00486,USR-0126,south,power_user,web,treatment,1,0,2,43.41,3.9,1,0,0,0.0,0.0,0
TIP-00487,USR-0127,east,new_user,ios,control,1,0,3,17.73,3.6,1,1,1,0.1223,2.17,1
TIP-00488,USR-0128,west,casual,android,treatment,0,0,4,22.61,2.92,1,1,1,0.1596,3.61,1
TIP-00489,USR-0129,north,power_user,web,treatment,0,0,1,25.38,3.1,1,0,0,0.0,0.0,0
TIP-00490,USR-0130,south,new_user,ios,control,0,0,2,27.88,3.27,1,1,1,0.1391,3.88,0
TIP-00491,USR-0131,east,casual,android,control,1,1,3,32.15,3.29,1,1,0,0.0,0.0,1
TIP-00492,USR-0132,west,power_user,web,treatment,1,0,4,34.91,3.63,1,0,0,0.0,0.0,0
TIP-00493,USR-0133,north,new_user,ios,control,0,0,1,36.24,3.58,1,1,1,0.1209,4.38,0
TIP-00494,USR-0134,south,casual,android,control,0,0,2,41.41,3.09,1,0,0,0.0,0.0,0
TIP-00495,USR-0135,east,power_user,web,treatment,0,0,3,43.55,3.48,1,1,1,0.1237,5.39,1
TIP-00496,USR-0136,west,new_user,ios,treatment,1,0,4,18.9,3.23,1,0,0,0.0,0.0,0
TIP-00497,USR-0137,north,casual,android,control,1,0,1,20.14,3.92,1,0,0,0.0,0.0,0
TIP-00498,USR-0138,south,power_user,web,treatment,0,1,2,24.48,3.32,1,0,0,0.0,0.0,0
TIP-00499,USR-0139,east,new_user,ios,treatment,0,0,3,27.78,2.5,1,1,1,0.1475,4.1,1
TIP-00500,USR-0140,west,casual,android,control,0,0,4,31.44,2.98,1,1,0,0.0,0.0,1
TIP-00501,USR-0141,north,power_user,web,control,1,0,1,34.4,3.22,1,1,1,0.1159,3.99,0
TIP-00502,USR-0142,south,new_user,ios,treatment,1,0,2,36.37,3.87,1,1,1,0.136,4.95,1
TIP-00503,USR-0143,east,casual,android,control,0,0,3,40.75,3.01,1,1,0,0.0,0.0,1
TIP-00504,USR-0144,west,power_user,web,control,0,0,4,43.36,3.38,1,1,0,0.0,0.0,1
TIP-00505,USR-0145,north,new_user,ios,treatment,0,1,1,18.97,2.67,1,0,0,0.0,0.0,0
TIP-00506,USR-0146,south,casual,android,treatment,1,0,2,20.78,3.03,1,1,1,0.1637,3.4,1
TIP-00507,USR-0147,east,power_user,web,control,1,0,3,24.5,3.04,1,1,1,0.1106,2.71,1
TIP-00508,USR-0148,west,new_user,ios,treatment,0,0,4,27.03,3.14,1,1,0,0.0,0.0,1
TIP-00509,USR-0149,north,casual,android,treatment,0,0,1,32.01,3.38,1,1,1,0.151,4.83,1
TIP-00510,USR-0150,south,power_user,web,control,0,0,2,33.84,2.99,1,1,0,0.0,0.0,1
TIP-00511,USR-0151,east,new_user,ios,control,1,0,3,38.05,3.5,1,0,0,0.0,0.0,0
TIP-00512,USR-0152,west,casual,android,treatment,1,1,4,41.08,3.22,1,0,0,0.0,0.0,0
TIP-00513,USR-0153,north,power_user,web,control,0,0,1,44.38,3.39,1,0,0,0.0,0.0,0
TIP-00514,USR-0154,south,new_user,ios,control,0,0,2,17.75,3.17,1,1,1,0.1075,1.91,1
TIP-00515,USR-0155,east,casual,android,treatment,0,0,3,20.59,3.25,1,1,1,0.1266,2.61,1
TIP-00516,USR-0156,west,power_user,web,treatment,1,0,4,23.79,3.54,1,0,0,0.0,0.0,0
TIP-00517,USR-0157,north,new_user,ios,control,1,0,1,28.46,3.94,1,1,1,0.1007,2.87,1
TIP-00518,USR-0158,south,casual,android,treatment,0,0,2,31.04,2.55,1,1,1,0.1185,3.68,0
TIP-00519,USR-0159,east,power_user,web,treatment,0,1,3,35.88,3.05,1,1,1,0.1419,5.09,0
TIP-00520,USR-0160,west,new_user,ios,control,0,0,4,37.56,2.58,1,1,0,0.0,0.0,1
TIP-00521,USR-0161,north,casual,android,control,1,0,1,40.08,3.43,1,1,1,0.1338,5.36,0
TIP-00522,USR-0162,south,power_user,web,treatment,1,0,2,44.16,2.96,1,1,0,0.0,0.0,0
TIP-00523,USR-0163,east,new_user,ios,control,0,0,3,17.97,3.39,1,1,0,0.0,0.0,1
TIP-00524,USR-0164,west,casual,android,control,0,0,4,23.17,2.6,1,0,0,0.0,0.0,0
TIP-00525,USR-0165,north,power_user,web,treatment,0,0,1,25.6,2.82,1,0,0,0.0,0.0,0
TIP-00526,USR-0166,south,new_user,ios,treatment,1,1,2,27.84,3.22,1,0,0,0.0,0.0,0
TIP-00527,USR-0167,east,casual,android,control,1,0,3,31.01,3.93,1,0,0,0.0,0.0,0
TIP-00528,USR-0168,west,power_user,web,treatment,0,0,4,33.56,3.38,1,1,1,0.1661,5.57,1
TIP-00529,USR-0169,north,new_user,ios,treatment,0,0,1,36.53,2.64,1,1,1,0.1063,3.88,1
TIP-00530,USR-0170,south,casual,android,control,0,0,2,40.1,3.08,1,1,0,0.0,0.0,1
TIP-00531,USR-0171,east,power_user,web,control,1,0,3,43.26,3.78,1,0,0,0.0,0.0,0
TIP-00532,USR-0172,west,new_user,ios,treatment,1,0,4,18.97,2.94,1,0,0,0.0,0.0,0
TIP-00533,USR-0173,north,casual,android,control,0,1,1,22.51,3.5,1,0,0,0.0,0.0,0
TIP-00534,USR-0174,south,power_user,web,control,0,0,2,25.97,2.63,1,0,0,0.0,0.0,0
TIP-00535,USR-0175,east,new_user,ios,treatment,0,0,3,27.2,3.27,1,0,0,0.0,0.0,0
TIP-00536,USR-0176,west,casual,android,treatment,1,0,4,32.04,3.58,1,1,1,0.1418,4.54,1
TIP-00537,USR-0177,north,power_user,web,control,1,0,1,34.25,3.54,1,0,0,0.0,0.0,0
TIP-00538,USR-0178,south,new_user,ios,treatment,0,0,2,36.3,3.06,1,1,0,0.0,0.0,1
TIP-00539,USR-0179,east,casual,android,treatment,0,0,3,42.24,2.85,1,1,0,0.0,0.0,0
TIP-00540,USR-0180,west,power_user,web,control,0,1,4,44.74,2.99,1,1,1,0.1205,5.39,1
TIP-00541,USR-0181,north,new_user,ios,control,1,0,1,17.5,3.31,1,1,1,0.1386,2.43,1
TIP-00542,USR-0182,south,casual,android,treatment,1,0,2,21.85,3.46,1,1,1,0.1485,3.24,1
TIP-00543,USR-0183,east,power_user,web,control,0,0,3,23.52,3.35,1,1,1,0.1562,3.67,1
TIP-00544,USR-0184,west,new_user,ios,control,0,0,4,26.4,3.54,1,1,0,0.0,0.0,1
TIP-00545,USR-0185,north,casual,android,treatment,0,0,1,31.68,2.66,1,0,0,0.0,0.0,0
TIP-00546,USR-0186,south,power_user,web,treatment,1,0,2,33.68,3.56,1,1,1,0.1607,5.41,1
TIP-00547,USR-0187,east,new_user,ios,control,1,1,3,37.27,3.18,1,0,0,0.0,0.0,0
TIP-00548,USR-0188,west,casual,android,treatment,0,0,4,39.95,3.21,1,0,0,0.0,0.0,0
TIP-00549,USR-0189,north,power_user,web,treatment,0,0,1,42.4,3.01,1,1,1,0.1404,5.95,1
TIP-00550,USR-0190,south,new_user,ios,control,0,0,2,19.03,3.39,1,0,0,0.0,0.0,0
TIP-00551,USR-0191,east,casual,android,control,1,0,3,21.35,2.99,1,1,1,0.1492,3.19,1
TIP-00552,USR-0192,west,power_user,web,treatment,1,0,4,24.2,3.81,1,1,0,0.0,0.0,0
TIP-00553,USR-0193,north,new_user,ios,control,0,0,1,26.83,3.58,1,1,1,0.0935,2.51,1
TIP-00554,USR-0194,south,casual,android,control,0,1,2,31.01,3.28,1,0,0,0.0,0.0,0
TIP-00555,USR-0195,east,power_user,web,treatment,0,0,3,33.28,2.94,1,0,0,0.0,0.0,0
TIP-00556,USR-0196,west,new_user,ios,treatment,1,0,4,38.75,2.94,1,1,0,0.0,0.0,1
TIP-00557,USR-0197,north,casual,android,control,1,0,1,40.43,3.9,1,1,1,0.1082,4.37,1
TIP-00558,USR-0198,south,power_user,web,treatment,0,0,2,44.17,3.15,1,1,0,0.0,0.0,1
TIP-00559,USR-0199,east,new_user,ios,treatment,0,0,3,19.51,3.21,1,1,1,0.147,2.87,1
TIP-00560,USR-0200,west,casual,android,control,0,0,4,20.95,2.55,1,0,0,0.0,0.0,0
TIP-00561,USR-0201,north,power_user,web,control,1,1,1,26.25,3.38,1,1,1,0.1257,3.3,1
TIP-00562,USR-0202,south,new_user,ios,treatment,1,0,2,29.53,3.93,1,0,0,0.0,0.0,0
TIP-00563,USR-0203,east,casual,android,control,0,0,3,30.02,3.44,1,1,1,0.1466,4.4,1
TIP-00564,USR-0204,west,power_user,web,control,0,0,4,35.85,3.34,1,1,1,0.1314,4.71,1
TIP-00565,USR-0205,north,new_user,ios,treatment,0,0,1,36.19,3.36,1,1,1,0.1306,4.73,1
TIP-00566,USR-0206,south,casual,android,treatment,1,0,2,41.45,2.93,1,1,1,0.1263,5.24,1
TIP-00567,USR-0207,east,power_user,web,control,1,0,3,44.04,3.06,1,0,0,0.0,0.0,0
TIP-00568,USR-0208,west,new_user,ios,treatment,0,1,4,18.52,2.92,1,0,0,0.0,0.0,0
TIP-00569,USR-0209,north,casual,android,treatment,0,0,1,22.67,3.24,1,1,0,0.0,0.0,1
TIP-00570,USR-0210,south,power_user,web,control,0,0,2,25.91,2.55,1,1,1,0.1259,3.26,1
TIP-00571,USR-0211,east,new_user,ios,control,1,0,3,27.39,3.66,1,0,0,0.0,0.0,0
TIP-00572,USR-0212,west,casual,android,treatment,1,0,4,29.98,3.62,1,0,0,0.0,0.0,0
TIP-00573,USR-0213,north,power_user,web,control,0,0,1,33.32,3.54,1,1,0,0.0,0.0,1
TIP-00574,USR-0214,south,new_user,ios,control,0,0,2,36.53,2.63,1,0,0,0.0,0.0,0
TIP-00575,USR-0215,east,casual,android,treatment,0,1,3,40.06,3.47,1,0,0,0.0,0.0,0
TIP-00576,USR-0216,west,power_user,web,treatment,1,0,4,42.49,3.73,1,1,1,0.1662,7.06,1
TIP-00577,USR-0217,north,new_user,ios,control,1,0,1,17.05,3.34,1,1,1,0.1242,2.12,1
TIP-00578,USR-0218,south,casual,android,treatment,0,0,2,20.82,2.6,1,1,0,0.0,0.0,1
TIP-00579,USR-0219,east,power_user,web,treatment,0,0,3,24.83,2.54,1,0,0,0.0,0.0,0
TIP-00580,USR-0220,west,new_user,ios,control,0,0,4,27.18,3.01,1,1,1,0.1682,4.57,0
TIP-00581,USR-0221,north,casual,android,control,1,0,1,31.37,3.85,1,0,0,0.0,0.0,0
TIP-00582,USR-0222,south,power_user,web,treatment,1,1,2,34.14,3.19,1,1,1,0.1259,4.3,1
TIP-00583,USR-0223,east,new_user,ios,control,0,0,3,37.19,3.04,1,0,0,0.0,0.0,0
TIP-00584,USR-0224,west,casual,android,control,0,0,4,39.77,3.37,1,0,0,0.0,0.0,0
TIP-00585,USR-0225,north,power_user,web,treatment,0,0,1,45.45,2.57,1,1,1,0.1495,6.79,1
TIP-00586,USR-0226,south,new_user,ios,treatment,1,0,2,18.57,2.85,1,1,1,0.1277,2.37,1
TIP-00587,USR-0227,east,casual,android,control,1,0,3,21.48,3.49,1,1,0,0.0,0.0,1
TIP-00588,USR-0228,west,power_user,web,treatment,0,0,4,26.08,3.33,1,1,1,0.1496,3.9,1
TIP-00589,USR-0229,north,new_user,ios,treatment,0,1,1,27.51,3.41,1,0,0,0.0,0.0,0
TIP-00590,USR-0230,south,casual,android,control,0,0,2,32.64,2.49,1,0,0,0.0,0.0,0
TIP-00591,USR-0231,east,power_user,web,control,1,0,3,35.52,3.64,1,1,1,0.1221,4.34,1
TIP-00592,USR-0232,west,new_user,ios,treatment,1,0,4,36.19,3.94,1,0,0,0.0,0.0,0
TIP-00593,USR-0233,north,casual,android,control,0,0,1,39.5,3.5,1,0,0,0.0,0.0,0
TIP-00594,USR-0234,south,power_user,web,control,0,0,2,44.06,3.26,1,1,0,0.0,0.0,1
TIP-00595,USR-0235,east,new_user,ios,treatment,0,0,3,17.11,2.64,1,0,0,0.0,0.0,0
TIP-00596,USR-0236,west,casual,android,treatment,1,1,4,20.24,3.46,1,1,0,0.0,0.0,1
TIP-00597,USR-0237,north,power_user,web,control,1,0,1,24.04,3.19,1,0,0,0.0,0.0,0
TIP-00598,USR-0238,south,new_user,ios,treatment,0,0,2,28.64,3.3,1,1,1,0.1151,3.3,1
TIP-00599,USR-0239,east,casual,android,treatment,0,0,3,32.1,3.13,1,1,1,0.1446,4.64,1
TIP-00600,USR-0240,west,power_user,web,control,0,0,4,34.51,3.55,1,1,1,0.1316,4.54,1
TIP-00601,USR-0241,north,new_user,ios,control,1,0,1,36.5,3.59,1,0,0,0.0,0.0,0
TIP-00602,USR-0242,south,casual,android,treatment,1,0,2,41.43,2.88,1,0,0,0.0,0.0,0
TIP-00603,USR-0243,east,power_user,web,control,0,1,3,43.45,2.59,1,1,1,0.1372,5.96,1
TIP-00604,USR-0244,west,new_user,ios,control,0,0,4,17.63,3.58,1,1,1,0.1419,2.5,1
TIP-00605,USR-0245,north,casual,android,treatment,0,0,1,20.8,3.0,1,0,0,0.0,0.0,0
TIP-00606,USR-0246,south,power_user,web,treatment,1,0,2,23.65,2.85,1,0,0,0.0,0.0,0
TIP-00607,USR-0247,east,new_user,ios,control,1,0,3,29.54,2.98,1,0,0,0.0,0.0,0
TIP-00608,USR-0248,west,casual,android,treatment,0,0,4,30.79,3.18,1,0,0,0.0,0.0,0
TIP-00609,USR-0249,north,power_user,web,treatment,0,0,1,34.66,2.77,1,0,0,0.0,0.0,0
TIP-00610,USR-0250,south,new_user,ios,control,0,1,2,36.07,2.56,1,0,0,0.0,0.0,0
TIP-00611,USR-0251,east,casual,android,control,1,0,3,40.62,2.98,1,0,0,0.0,0.0,0
TIP-00612,USR-0252,west,power_user,web,treatment,1,0,4,45.05,3.2,1,1,1,0.1362,6.14,1
TIP-00613,USR-0253,north,new_user,ios,control,0,0,1,19.43,2.92,1,1,0,0.0,0.0,1
TIP-00614,USR-0254,south,casual,android,control,0,0,2,20.69,2.7,1,1,0,0.0,0.0,1
TIP-00615,USR-0255,east,power_user,web,treatment,0,0,3,25.18,2.76,1,1,1,0.1493,3.76,1
TIP-00616,USR-0256,west,new_user,ios,treatment,1,0,4,27.3,2.99,1,1,0,0.0,0.0,1
TIP-00617,USR-0257,north,casual,android,control,1,1,1,31.62,3.72,1,0,0,0.0,0.0,0
TIP-00618,USR-0258,south,power_user,web,treatment,0,0,2,35.97,3.35,1,1,1,0.1377,4.95,0
TIP-00619,USR-0259,east,new_user,ios,treatment,0,0,3,37.61,2.92,1,1,1,0.131,4.93,0
TIP-00620,USR-0260,west,casual,android,control,0,0,4,41.69,2.55,1,0,0,0.0,0.0,0
TIP-00621,USR-0261,north,power_user,web,control,1,0,1,44.09,3.68,1,0,0,0.0,0.0,0
TIP-00622,USR-0262,south,new_user,ios,treatment,1,0,2,19.92,2.95,1,0,0,0.0,0.0,0
TIP-00623,USR-0263,east,casual,android,control,0,0,3,20.85,3.39,1,0,0,0.0,0.0,0
TIP-00624,USR-0264,west,power_user,web,control,0,1,4,23.38,3.59,1,1,0,0.0,0.0,0
TIP-00625,USR-0265,north,new_user,ios,treatment,0,0,1,27.54,3.41,1,0,0,0.0,0.0,0
TIP-00626,USR-0266,south,casual,android,treatment,1,0,2,30.16,3.49,1,0,0,0.0,0.0,0
TIP-00627,USR-0267,east,power_user,web,control,1,0,3,35.03,3.85,1,1,0,0.0,0.0,0
TIP-00628,USR-0268,west,new_user,ios,treatment,0,0,4,37.8,3.11,1,1,0,0.0,0.0,0
TIP-00629,USR-0269,north,casual,android,treatment,0,0,1,40.78,2.83,1,1,1,0.1158,4.72,1
TIP-00630,USR-0270,south,power_user,web,control,0,0,2,44.08,2.49,1,0,0,0.0,0.0,0
TIP-00631,USR-0271,east,new_user,ios,control,1,1,3,17.44,2.98,1,0,0,0.0,0.0,0
TIP-00632,USR-0272,west,casual,android,treatment,1,0,4,22.94,3.77,1,1,1,0.1593,3.65,0
TIP-00633,USR-0273,north,power_user,web,control,0,0,1,25.68,3.42,1,0,0,0.0,0.0,0
TIP-00634,USR-0274,south,new_user,ios,control,0,0,2,29.47,2.9,1,0,0,0.0,0.0,0
TIP-00635,USR-0275,east,casual,android,treatment,0,0,3,30.87,2.6,1,1,1,0.1277,3.94,0
TIP-00636,USR-0276,west,power_user,web,treatment,1,0,4,35.33,3.9,1,0,0,0.0,0.0,0
TIP-00637,USR-0277,north,new_user,ios,control,1,0,1,36.56,3.91,1,0,0,0.0,0.0,0
TIP-00638,USR-0278,south,casual,android,treatment,0,1,2,42.17,3.36,1,1,1,0.1206,5.09,1
TIP-00639,USR-0279,east,power_user,web,treatment,0,0,3,44.6,2.63,1,0,0,0.0,0.0,0
TIP-00640,USR-0280,west,new_user,ios,control,0,0,4,19.84,3.53,1,1,0,0.0,0.0,0
TIP-00641,USR-0281,north,casual,android,control,1,0,1,20.1,3.5,1,0,0,0.0,0.0,0
TIP-00642,USR-0282,south,power_user,web,treatment,1,0,2,26.3,3.08,1,1,0,0.0,0.0,1
TIP-00643,USR-0283,east,new_user,ios,control,0,0,3,28.79,2.75,1,0,0,0.0,0.0,0
TIP-00644,USR-0284,west,casual,android,control,0,0,4,30.14,3.46,1,1,0,0.0,0.0,1
TIP-00645,USR-0285,north,power_user,web,treatment,0,1,1,35.64,2.98,1,1,1,0.1067,3.8,1
TIP-00646,USR-0286,south,new_user,ios,treatment,1,0,2,36.35,2.84,1,1,0,0.0,0.0,0
TIP-00647,USR-0287,east,casual,android,control,1,0,3,42.03,3.38,1,1,1,0.1146,4.82,1
TIP-00648,USR-0288,west,power_user,web,treatment,0,0,4,45.16,3.21,1,0,0,0.0,0.0,0
TIP-00649,USR-0289,north,new_user,ios,treatment,0,0,1,17.32,2.57,1,0,0,0.0,0.0,0
TIP-00650,USR-0290,south,casual,android,control,0,0,2,20.94,2.84,1,0,0,0.0,0.0,0
TIP-00651,USR-0291,east,power_user,web,control,1,0,3,23.44,3.03,1,1,0,0.0,0.0,1
TIP-00652,USR-0292,west,new_user,ios,treatment,1,1,4,29.27,2.94,1,0,0,0.0,0.0,0
TIP-00653,USR-0293,north,casual,android,control,0,0,1,31.56,3.02,1,1,0,0.0,0.0,1
TIP-00654,USR-0294,south,power_user,web,control,0,0,2,35.65,2.66,1,1,1,0.1114,3.97,1
TIP-00655,USR-0295,east,new_user,ios,treatment,0,0,3,38.31,3.29,1,1,1,0.1321,5.06,1
TIP-00656,USR-0296,west,casual,android,treatment,1,0,4,41.03,3.76,1,1,1,0.1505,6.18,1
TIP-00657,USR-0297,north,power_user,web,control,1,0,1,44.52,3.5,1,1,1,0.1024,4.56,1
TIP-00658,USR-0298,south,new_user,ios,treatment,0,0,2,17.06,3.42,1,1,1,0.1379,2.35,1
TIP-00659,USR-0299,east,casual,android,treatment,0,1,3,20.29,3.09,1,1,0,0.0,0.0,1
TIP-00660,USR-0300,west,power_user,web,control,0,0,4,24.63,2.78,1,1,1,0.1318,3.25,1
TIP-00661,USR-0301,north,new_user,ios,control,1,0,1,28.81,3.57,1,1,1,0.1228,3.54,0
TIP-00662,USR-0302,south,casual,android,treatment,1,0,2,31.49,3.45,1,0,0,0.0,0.0,0
TIP-00663,USR-0303,east,power_user,web,control,0,0,3,35.42,2.95,1,1,0,0.0,0.0,1
TIP-00664,USR-0304,west,new_user,ios,control,0,0,4,38.82,3.01,1,1,0,0.0,0.0,1
TIP-00665,USR-0305,north,casual,android,treatment,0,0,1,40.81,3.48,1,0,0,0.0,0.0,0
TIP-00666,USR-0306,south,power_user,web,treatment,1,1,2,44.57,3.52,1,1,0,0.0,0.0,1
TIP-00667,USR-0307,east,new_user,ios,control,1,0,3,19.95,3.91,1,0,0,0.0,0.0,0
TIP-00668,USR-0308,west,casual,android,treatment,0,0,4,20.4,2.96,1,0,0,0.0,0.0,0
TIP-00669,USR-0309,north,power_user,web,treatment,0,0,1,24.59,3.59,1,1,0,0.0,0.0,1
TIP-00670,USR-0310,south,new_user,ios,control,0,0,2,29.31,3.5,1,1,1,0.1229,3.6,1
TIP-00671,USR-0311,east,casual,android,control,1,0,3,30.48,3.34,1,0,0,0.0,0.0,0
TIP-00672,USR-0312,west,power_user,web,treatment,1,0,4,35.32,3.53,1,1,1,0.1498,5.29,1
TIP-00673,USR-0313,north,new_user,ios,control,0,1,1,37.88,3.32,1,0,0,0.0,0.0,0
TIP-00674,USR-0314,south,casual,android,control,0,0,2,42.16,3.11,1,1,1,0.1305,5.5,1
TIP-00675,USR-0315,east,power_user,web,treatment,0,0,3,43.71,2.91,1,1,1,0.1211,5.29,1
TIP-00676,USR-0316,west,new_user,ios,treatment,1,0,4,17.26,3.51,1,0,0,0.0,0.0,0
TIP-00677,USR-0317,north,casual,android,control,1,0,1,20.12,3.82,1,1,1,0.134,2.7,0
TIP-00678,USR-0318,south,power_user,web,treatment,0,0,2,26.07,2.51,1,0,0,0.0,0.0,0
TIP-00679,USR-0319,east,new_user,ios,treatment,0,0,3,27.37,2.8,1,1,0,0.0,0.0,1
TIP-00680,USR-0320,west,casual,android,control,0,1,4,32.38,2.64,1,0,0,0.0,0.0,0
TIP-00681,USR-0321,north,power_user,web,control,1,0,1,34.22,3.75,1,1,1,0.1285,4.4,1
TIP-00682,USR-0322,south,new_user,ios,treatment,1,0,2,36.68,3.75,1,0,0,0.0,0.0,0
TIP-00683,USR-0323,east,casual,android,control,0,0,3,41.63,3.44,1,0,0,0.0,0.0,0
TIP-00684,USR-0324,west,power_user,web,control,0,0,4,44.05,2.66,1,1,1,0.1245,5.48,0
TIP-00685,USR-0325,north,new_user,ios,treatment,0,0,1,19.61,2.52,1,1,0,0.0,0.0,0
TIP-00686,USR-0326,south,casual,android,treatment,1,0,2,20.8,3.34,1,0,0,0.0,0.0,0
TIP-00687,USR-0327,east,power_user,web,control,1,1,3,25.45,3.14,1,0,0,0.0,0.0,0
TIP-00688,USR-0328,west,new_user,ios,treatment,0,0,4,28.02,3.19,1,1,1,0.1475,4.13,1
TIP-00689,USR-0329,north,casual,android,treatment,0,0,1,30.17,3.45,1,1,1,0.112,3.38,0
TIP-00690,USR-0330,south,power_user,web,control,0,0,2,35.2,3.25,1,1,1,0.11,3.87,1
TIP-00691,USR-0331,east,new_user,ios,control,1,0,3,39.09,3.78,1,0,0,0.0,0.0,0
TIP-00692,USR-0332,west,casual,android,treatment,1,0,4,41.37,3.14,1,1,1,0.1699,7.03,0
TIP-00693,USR-0333,north,power_user,web,control,0,0,1,42.43,3.49,1,1,1,0.0935,3.97,1
TIP-00694,USR-0334,south,new_user,ios,control,0,1,2,19.38,2.83,1,0,0,0.0,0.0,0
TIP-00695,USR-0335,east,casual,android,treatment,0,0,3,22.06,2.96,1,1,1,0.1329,2.93,1
TIP-00696,USR-0336,west,power_user,web,treatment,1,0,4,25.37,3.75,1,1,1,0.1551,3.93,1
TIP-00697,USR-0337,north,new_user,ios,control,1,0,1,29.1,3.25,1,0,0,0.0,0.0,0
TIP-00698,USR-0338,south,casual,android,treatment,0,0,2,31.55,2.82,1,1,1,0.1654,5.22,1
TIP-00699,USR-0339,east,power_user,web,treatment,0,0,3,35.56,2.78,1,0,0,0.0,0.0,0
TIP-00700,USR-0340,west,new_user,ios,control,0,0,4,38.86,2.82,1,1,0,0.0,0.0,0
TIP-00701,USR-0341,north,casual,android,control,1,1,1,41.78,3.72,1,1,0,0.0,0.0,0
TIP-00702,USR-0342,south,power_user,web,treatment,1,0,2,44.71,3.56,1,0,0,0.0,0.0,0
TIP-00703,USR-0343,east,new_user,ios,control,0,0,3,17.63,2.95,1,1,1,0.1479,2.61,1
TIP-00704,USR-0344,west,casual,android,control,0,0,4,20.61,3.29,1,1,1,0.1602,3.3,0
TIP-00705,USR-0345,north,power_user,web,treatment,0,0,1,25.35,3.05,1,0,0,0.0,0.0,0
TIP-00706,USR-0346,south,new_user,ios,treatment,1,0,2,29.09,3.8,1,1,1,0.118,3.43,1
TIP-00707,USR-0347,east,casual,android,control,1,0,3,32.19,3.68,1,1,0,0.0,0.0,1
TIP-00708,USR-0348,west,power_user,web,treatment,0,1,4,33.09,2.88,1,0,0,0.0,0.0,0
TIP-00709,USR-0349,north,new_user,ios,treatment,0,0,1,36.98,3.36,1,1,1,0.1192,4.41,0
TIP-00710,USR-0350,south,casual,android,control,0,0,2,40.71,3.44,1,1,0,0.0,0.0,1
TIP-00711,USR-0351,east,power_user,web,control,1,0,3,45.25,3.39,1,0,0,0.0,0.0,0
TIP-00712,USR-0352,west,new_user,ios,treatment,1,0,4,18.02,3.17,1,1,0,0.0,0.0,1
TIP-00713,USR-0353,north,casual,android,control,0,0,1,20.64,2.94,1,1,0,0.0,0.0,1
TIP-00714,USR-0354,south,power_user,web,control,0,0,2,24.21,3.28,1,0,0,0.0,0.0,0
TIP-00715,USR-0355,east,new_user,ios,treatment,0,1,3,27.96,3.18,1,1,1,0.1193,3.34,1
TIP-00716,USR-0356,west,casual,android,treatment,1,0,4,32.04,3.03,1,0,0,0.0,0.0,0
TIP-00717,USR-0357,north,power_user,web,control,1,0,1,34.37,3.68,1,1,1,0.1278,4.39,1
TIP-00718,USR-0358,south,new_user,ios,treatment,0,0,2,39.09,2.91,1,1,1,0.1315,5.14,1
TIP-00719,USR-0359,east,casual,android,treatment,0,0,3,40.23,3.41,1,1,0,0.0,0.0,1
TIP-00720,USR-0360,west,power_user,web,control,0,0,4,43.2,3.25,1,1,1,0.1381,5.97,1
TIP-00721,USR-0001,north,new_user,ios,control,1,0,1,17.33,3.75,1,1,1,0.133,2.3,1
TIP-00722,USR-0002,south,casual,android,treatment,1,1,2,21.08,3.82,1,0,0,0.0,0.0,0
TIP-00723,USR-0003,east,power_user,web,control,0,0,3,24.3,3.48,1,1,1,0.1611,3.91,0
TIP-00724,USR-0004,west,new_user,ios,control,0,0,4,27.69,2.74,1,0,0,0.0,0.0,0
TIP-00725,USR-0005,north,casual,android,treatment,0,0,1,30.02,3.3,1,1,1,0.1232,3.7,1
TIP-00726,USR-0006,south,power_user,web,treatment,1,0,2,32.92,3.8,1,1,1,0.1137,3.74,0
TIP-00727,USR-0007,east,new_user,ios,control,1,0,3,38.12,3.56,1,1,0,0.0,0.0,1
TIP-00728,USR-0008,west,casual,android,treatment,0,0,4,40.42,3.09,1,1,1,0.1652,6.68,1
TIP-00729,USR-0009,north,power_user,web,treatment,0,1,1,43.36,3.22,1,1,1,0.1363,5.91,1
TIP-00730,USR-0010,south,new_user,ios,control,0,0,2,19.46,2.61,1,0,0,0.0,0.0,0
TIP-00731,USR-0011,east,casual,android,control,1,0,3,20.38,2.97,1,1,1,0.12,2.45,1
TIP-00732,USR-0012,west,power_user,web,treatment,1,0,4,24.87,3.06,1,0,0,0.0,0.0,0
TIP-00733,USR-0013,north,new_user,ios,control,0,0,1,27.35,2.53,1,1,1,0.1443,3.95,1
TIP-00734,USR-0014,south,casual,android,control,0,0,2,29.61,3.23,1,0,0,0.0,0.0,0
TIP-00735,USR-0015,east,power_user,web,treatment,0,0,3,35.47,3.23,1,1,1,0.1471,5.22,1
TIP-00736,USR-0016,west,new_user,ios,treatment,1,1,4,36.32,3.12,1,1,0,0.0,0.0,1
TIP-00737,USR-0017,north,casual,android,control,1,0,1,40.69,2.95,1,1,1,0.109,4.44,0
TIP-00738,USR-0018,south,power_user,web,treatment,0,0,2,43.4,3.3,1,1,0,0.0,0.0,1
TIP-00739,USR-0019,east,new_user,ios,treatment,0,0,3,19.53,3.22,1,1,1,0.1431,2.79,1
TIP-00740,USR-0020,west,casual,android,control,0,0,4,22.81,2.59,1,0,0,0.0,0.0,0
TIP-00741,USR-0021,north,power_user,web,control,1,0,1,23.79,3.28,1,0,0,0.0,0.0,0
TIP-00742,USR-0022,south,new_user,ios,treatment,1,0,2,27.27,3.26,1,0,0,0.0,0.0,0
TIP-00743,USR-0023,east,casual,android,control,0,1,3,32.16,3.2,1,0,0,0.0,0.0,0
TIP-00744,USR-0024,west,power_user,web,control,0,0,4,33.16,3.26,1,1,0,0.0,0.0,1
TIP-00745,USR-0025,north,new_user,ios,treatment,0,0,1,37.33,3.14,1,0,0,0.0,0.0,0
TIP-00746,USR-0026,south,casual,android,treatment,1,0,2,41.37,3.04,1,1,1,0.1126,4.66,1
TIP-00747,USR-0027,east,power_user,web,control,1,0,3,45.08,3.91,1,1,0,0.0,0.0,1
TIP-00748,USR-0028,west,new_user,ios,treatment,0,0,4,18.12,2.54,1,1,1,0.1658,3.0,1
TIP-00749,USR-0029,north,casual,android,treatment,0,0,1,22.46,3.12,1,1,0,0.0,0.0,1
TIP-00750,USR-0030,south,power_user,web,control,0,1,2,24.28,3.07,1,0,0,0.0,0.0,0
TIP-00751,USR-0031,east,new_user,ios,control,1,0,3,26.7,3.57,1,1,1,0.1462,3.9,1
TIP-00752,USR-0032,west,casual,android,treatment,1,0,4,32.28,3.45,1,0,0,0.0,0.0,0
TIP-00753,USR-0033,north,power_user,web,control,0,0,1,32.97,3.2,1,1,0,0.0,0.0,0
TIP-00754,USR-0034,south,new_user,ios,control,0,0,2,38.78,2.57,1,1,1,0.1544,5.99,1
TIP-00755,USR-0035,east,casual,android,treatment,0,0,3,39.91,3.2,1,1,1,0.1443,5.76,0
TIP-00756,USR-0036,west,power_user,web,treatment,1,0,4,43.83,3.78,1,1,1,0.1544,6.77,1
TIP-00757,USR-0037,north,new_user,ios,control,1,1,1,17.13,3.29,1,1,1,0.098,1.68,1
TIP-00758,USR-0038,south,casual,android,treatment,0,0,2,21.98,2.83,1,1,1,0.1479,3.25,0
TIP-00759,USR-0039,east,power_user,web,treatment,0,0,3,24.36,2.55,1,1,1,0.1498,3.65,1
TIP-00760,USR-0040,west,new_user,ios,control,0,0,4,27.91,3.21,1,0,0,0.0,0.0,0
TIP-00761,USR-0041,north,casual,android,control,1,0,1,29.96,3.68,1,1,1,0.1386,4.15,0
TIP-00762,USR-0042,south,power_user,web,treatment,1,0,2,33.73,3.41,1,0,0,0.0,0.0,0
TIP-00763,USR-0043,east,new_user,ios,control,0,0,3,36.15,2.67,1,1,0,0.0,0.0,1
TIP-00764,USR-0044,west,casual,android,control,0,1,4,39.54,3.16,1,1,0,0.0,0.0,1
TIP-00765,USR-0045,north,power_user,web,treatment,0,0,1,43.86,3.35,1,0,0,0.0,0.0,0
TIP-00766,USR-0046,south,new_user,ios,treatment,1,0,2,17.14,3.3,1,0,0,0.0,0.0,0
TIP-00767,USR-0047,east,casual,android,control,1,0,3,22.68,3.49,1,0,0,0.0,0.0,0
TIP-00768,USR-0048,west,power_user,web,treatment,0,0,4,24.64,3.21,1,0,0,0.0,0.0,0
TIP-00769,USR-0049,north,new_user,ios,treatment,0,0,1,26.83,3.04,1,1,1,0.1544,4.14,0
TIP-00770,USR-0050,south,casual,android,control,0,0,2,31.15,3.05,1,0,0,0.0,0.0,0
TIP-00771,USR-0051,east,power_user,web,control,1,1,3,33.37,3.48,1,0,0,0.0,0.0,0
TIP-00772,USR-0052,west,new_user,ios,treatment,1,0,4,36.41,3.27,1,0,0,0.0,0.0,0
TIP-00773,USR-0053,north,casual,android,control,0,0,1,42.02,3.04,1,1,0,0.0,0.0,0
TIP-00774,USR-0054,south,power_user,web,control,0,0,2,44.84,2.79,1,0,0,0.0,0.0,0
TIP-00775,USR-0055,east,new_user,ios,treatment,0,0,3,19.91,2.99,1,1,1,0.1575,3.14,1
TIP-00776,USR-0056,west,casual,android,treatment,1,0,4,20.96,3.61,1,0,0,0.0,0.0,0
TIP-00777,USR-0057,north,power_user,web,control,1,0,1,25.48,3.87,1,1,1,0.1273,3.24,1
TIP-00778,USR-0058,south,new_user,ios,treatment,0,1,2,27.5,3.23,1,0,0,0.0,0.0,0
TIP-00779,USR-0059,east,casual,android,treatment,0,0,3,31.68,3.54,1,1,0,0.0,0.0,1
TIP-00780,USR-0060,west,power_user,web,control,0,0,4,33.17,2.88,1,1,1,0.1537,5.1,1
TIP-00781,USR-0061,north,new_user,ios,control,1,0,1,38.39,3.77,1,1,0,0.0,0.0,0
TIP-00782,USR-0062,south,casual,android,treatment,1,0,2,40.87,2.87,1,1,0,0.0,0.0,1
TIP-00783,USR-0063,east,power_user,web,control,0,0,3,44.8,2.67,1,1,1,0.1552,6.95,1
TIP-00784,USR-0064,west,new_user,ios,control,0,0,4,17.74,3.32,1,1,0,0.0,0.0,1
TIP-00785,USR-0065,north,casual,android,treatment,0,1,1,22.78,3.3,1,0,0,0.0,0.0,0
TIP-00786,USR-0066,south,power_user,web,treatment,1,0,2,25.58,3.46,1,1,0,0.0,0.0,0
TIP-00787,USR-0067,east,new_user,ios,control,1,0,3,27.32,3.57,1,0,0,0.0,0.0,0
TIP-00788,USR-0068,west,casual,android,treatment,0,0,4,30.84,3.54,1,0,0,0.0,0.0,0
TIP-00789,USR-0069,north,power_user,web,treatment,0,0,1,33.8,3.1,1,1,1,0.1371,4.63,1
TIP-00790,USR-0070,south,new_user,ios,control,0,0,2,38.78,3.4,1,0,0,0.0,0.0,0
TIP-00791,USR-0071,east,casual,android,control,1,0,3,41.45,3.55,1,0,0,0.0,0.0,0
TIP-00792,USR-0072,west,power_user,web,treatment,1,1,4,44.15,3.5,1,0,0,0.0,0.0,0
TIP-00793,USR-0073,north,new_user,ios,control,0,0,1,19.89,2.81,1,1,0,0.0,0.0,1
TIP-00794,USR-0074,south,casual,android,control,0,0,2,20.56,3.06,1,1,1,0.1316,2.71,1
TIP-00795,USR-0075,east,power_user,web,treatment,0,0,3,25.07,2.77,1,1,1,0.1275,3.2,1
TIP-00796,USR-0076,west,new_user,ios,treatment,1,0,4,27.43,2.9,1,0,0,0.0,0.0,0
TIP-00797,USR-0077,north,casual,android,control,1,0,1,31.57,3.57,1,1,1,0.1127,3.56,0
TIP-00798,USR-0078,south,power_user,web,treatment,0,0,2,33.82,2.73,1,1,1,0.1388,4.69,1
TIP-00799,USR-0079,east,new_user,ios,treatment,0,1,3,37.72,2.59,1,1,1,0.1373,5.18,1
TIP-00800,USR-0080,west,casual,android,control,0,0,4,39.9,3.32,1,1,0,0.0,0.0,0
TIP-00801,USR-0081,north,power_user,web,control,1,0,1,45.54,2.85,1,0,0,0.0,0.0,0
TIP-00802,USR-0082,south,new_user,ios,treatment,1,0,2,18.23,3.83,1,0,0,0.0,0.0,0
TIP-00803,USR-0083,east,casual,android,control,0,0,3,21.99,3.54,1,0,0,0.0,0.0,0
TIP-00804,USR-0084,west,power_user,web,control,0,0,4,24.23,3.5,1,0,0,0.0,0.0,0
TIP-00805,USR-0085,north,new_user,ios,treatment,0,0,1,27.63,3.08,1,1,0,0.0,0.0,0
TIP-00806,USR-0086,south,casual,android,treatment,1,1,2,30.8,3.72,1,1,1,0.1604,4.94,1
TIP-00807,USR-0087,east,power_user,web,control,1,0,3,34.44,3.88,1,1,0,0.0,0.0,1
TIP-00808,USR-0088,west,new_user,ios,treatment,0,0,4,36.02,2.56,1,0,0,0.0,0.0,0
TIP-00809,USR-0089,north,casual,android,treatment,0,0,1,41.68,3.44,1,1,1,0.1326,5.53,1
TIP-00810,USR-0090,south,power_user,web,control,0,0,2,45.52,3.34,1,1,0,0.0,0.0,0
TIP-00811,USR-0091,east,new_user,ios,control,1,0,3,17.29,3.35,1,1,1,0.112,1.94,0
TIP-00812,USR-0092,west,casual,android,treatment,1,0,4,21.79,3.47,1,1,1,0.1483,3.23,1
TIP-00813,USR-0093,north,power_user,web,control,0,1,1,24.59,2.51,1,0,0,0.0,0.0,0
TIP-00814,USR-0094,south,new_user,ios,control,0,0,2,28.11,3.2,1,0,0,0.0,0.0,0
TIP-00815,USR-0095,east,casual,android,treatment,0,0,3,32.02,3.13,1,0,0,0.0,0.0,0
TIP-00816,USR-0096,west,power_user,web,treatment,1,0,4,33.03,3.86,1,1,0,0.0,0.0,1
TIP-00817,USR-0097,north,new_user,ios,control,1,0,1,36.28,3.68,1,1,1,0.1293,4.69,1
TIP-00818,USR-0098,south,casual,android,treatment,0,0,2,40.91,2.64,1,1,0,0.0,0.0,1
TIP-00819,USR-0099,east,power_user,web,treatment,0,0,3,45.47,2.65,1,0,0,0.0,0.0,0
TIP-00820,USR-0100,west,new_user,ios,control,0,1,4,19.73,3.36,1,0,0,0.0,0.0,0
TIP-00821,USR-0101,north,casual,android,control,1,0,1,21.19,3.88,1,1,1,0.0998,2.11,1
TIP-00822,USR-0102,south,power_user,web,treatment,1,0,2,25.11,3.43,1,0,0,0.0,0.0,0
TIP-00823,USR-0103,east,new_user,ios,control,0,0,3,27.38,3.31,1,0,0,0.0,0.0,0
TIP-00824,USR-0104,west,casual,android,control,0,0,4,30.7,2.94,1,0,0,0.0,0.0,0
TIP-00825,USR-0105,north,power_user,web,treatment,0,0,1,34.44,2.67,1,1,0,0.0,0.0,1
TIP-00826,USR-0106,south,new_user,ios,treatment,1,0,2,36.58,3.72,1,0,0,0.0,0.0,0
TIP-00827,USR-0107,east,casual,android,control,1,1,3,41.92,3.87,1,0,0,0.0,0.0,0
TIP-00828,USR-0108,west,power_user,web,treatment,0,0,4,43.88,3.09,1,1,1,0.1324,5.81,1
TIP-00829,USR-0109,north,new_user,ios,treatment,0,0,1,18.36,2.85,1,1,0,0.0,0.0,1
TIP-00830,USR-0110,south,casual,android,control,0,0,2,21.98,3.48,1,1,1,0.1349,2.97,1
TIP-00831,USR-0111,east,power_user,web,control,1,0,3,25.07,3.46,1,1,1,0.1326,3.32,1
TIP-00832,USR-0112,west,new_user,ios,treatment,1,0,4,27.19,3.08,1,0,0,0.0,0.0,0
TIP-00833,USR-0113,north,casual,android,control,0,0,1,31.0,3.41,1,1,0,0.0,0.0,0
TIP-00834,USR-0114,south,power_user,web,control,0,1,2,34.28,2.88,1,1,1,0.1107,3.79,1
TIP-00835,USR-0115,east,new_user,ios,treatment,0,0,3,38.69,3.43,1,1,1,0.1335,5.17,0
TIP-00836,USR-0116,west,casual,android,treatment,1,0,4,39.44,2.92,1,1,1,0.1287,5.08,1
TIP-00837,USR-0117,north,power_user,web,control,1,0,1,43.7,3.49,1,0,0,0.0,0.0,0
TIP-00838,USR-0118,south,new_user,ios,treatment,0,0,2,18.57,3.09,1,0,0,0.0,0.0,0
TIP-00839,USR-0119,east,casual,android,treatment,0,0,3,21.51,3.34,1,1,1,0.1615,3.47,1
TIP-00840,USR-0120,west,power_user,web,control,0,0,4,24.13,3.0,1,1,1,0.1446,3.49,1
TIP-00841,USR-0121,north,new_user,ios,control,1,1,1,29.11,3.73,1,0,0,0.0,0.0,0
TIP-00842,USR-0122,south,casual,android,treatment,1,0,2,30.13,3.41,1,1,1,0.1632,4.92,1
TIP-00843,USR-0123,east,power_user,web,control,0,0,3,35.9,3.3,1,1,1,0.121,4.34,1
TIP-00844,USR-0124,west,new_user,ios,control,0,0,4,36.2,2.9,1,1,1,0.1669,6.04,1
TIP-00845,USR-0125,north,casual,android,treatment,0,0,1,40.7,2.99,1,1,0,0.0,0.0,1
TIP-00846,USR-0126,south,power_user,web,treatment,1,0,2,44.65,3.41,1,0,0,0.0,0.0,0
TIP-00847,USR-0127,east,new_user,ios,control,1,0,3,19.47,3.13,1,1,1,0.145,2.82,1
TIP-00848,USR-0128,west,casual,android,treatment,0,1,4,22.09,3.41,1,1,1,0.1769,3.91,1
TIP-00849,USR-0129,north,power_user,web,treatment,0,0,1,24.33,3.44,1,1,1,0.1362,3.31,1
TIP-00850,USR-0130,south,new_user,ios,control,0,0,2,26.84,2.67,1,1,0,0.0,0.0,1
TIP-00851,USR-0131,east,casual,android,control,1,0,3,30.2,3.24,1,0,0,0.0,0.0,0
TIP-00852,USR-0132,west,power_user,web,treatment,1,0,4,33.18,3.09,1,0,0,0.0,0.0,0
TIP-00853,USR-0133,north,new_user,ios,control,0,0,1,38.3,3.02,1,1,1,0.1019,3.9,0
TIP-00854,USR-0134,south,casual,android,control,0,0,2,39.27,2.54,1,1,1,0.1356,5.33,1
TIP-00855,USR-0135,east,power_user,web,treatment,0,1,3,44.23,2.55,1,1,1,0.1717,7.59,1
TIP-00856,USR-0136,west,new_user,ios,treatment,1,0,4,18.6,2.86,1,0,0,0.0,0.0,0
TIP-00857,USR-0137,north,casual,android,control,1,0,1,22.12,3.15,1,1,1,0.1476,3.26,0
TIP-00858,USR-0138,south,power_user,web,treatment,0,0,2,23.75,3.4,1,1,0,0.0,0.0,0
TIP-00859,USR-0139,east,new_user,ios,treatment,0,0,3,26.98,3.22,1,1,0,0.0,0.0,1
TIP-00860,USR-0140,west,casual,android,control,0,0,4,31.05,3.14,1,1,1,0.123,3.82,1
TIP-00861,USR-0141,north,power_user,web,control,1,0,1,35.55,3.39,1,1,1,0.0983,3.49,1
TIP-00862,USR-0142,south,new_user,ios,treatment,1,1,2,37.97,2.88,1,0,0,0.0,0.0,0
TIP-00863,USR-0143,east,casual,android,control,0,0,3,40.81,2.62,1,1,1,0.1422,5.8,0
TIP-00864,USR-0144,west,power_user,web,control,0,0,4,45.27,3.34,1,1,1,0.1374,6.22,1
TIP-00865,USR-0145,north,new_user,ios,treatment,0,0,1,18.5,2.74,1,0,0,0.0,0.0,0
TIP-00866,USR-0146,south,casual,android,treatment,1,0,2,22.53,3.26,1,1,0,0.0,0.0,0
TIP-00867,USR-0147,east,power_user,web,control,1,0,3,25.43,2.95,1,1,1,0.1218,3.1,0
TIP-00868,USR-0148,west,new_user,ios,treatment,0,0,4,27.31,3.45,1,1,1,0.166,4.53,1
TIP-00869,USR-0149,north,casual,android,treatment,0,1,1,31.45,2.62,1,1,0,0.0,0.0,1
TIP-00870,USR-0150,south,power_user,web,control,0,0,2,33.81,2.89,1,1,0,0.0,0.0,1
TIP-00871,USR-0151,east,new_user,ios,control,1,0,3,38.74,3.31,1,1,1,0.1464,5.67,1
TIP-00872,USR-0152,west,casual,android,treatment,1,0,4,40.52,3.7,1,1,1,0.1575,6.38,1
TIP-00873,USR-0153,north,power_user,web,control,0,0,1,43.38,2.87,1,0,0,0.0,0.0,0
TIP-00874,USR-0154,south,new_user,ios,control,0,0,2,19.15,3.43,1,0,0,0.0,0.0,0
TIP-00875,USR-0155,east,casual,android,treatment,0,0,3,22.39,2.98,1,0,0,0.0,0.0,0
TIP-00876,USR-0156,west,power_user,web,treatment,1,1,4,23.72,3.08,1,1,1,0.1573,3.73,1
TIP-00877,USR-0157,north,new_user,ios,control,1,0,1,28.66,3.02,1,0,0,0.0,0.0,0
TIP-00878,USR-0158,south,casual,android,treatment,0,0,2,29.62,2.59,1,1,0,0.0,0.0,1
TIP-00879,USR-0159,east,power_user,web,treatment,0,0,3,33.01,2.73,1,1,1,0.1401,4.62,0
TIP-00880,USR-0160,west,new_user,ios,control,0,0,4,37.96,3.06,1,0,0,0.0,0.0,0
TIP-00881,USR-0161,north,casual,android,control,1,0,1,41.11,3.88,1,0,0,0.0,0.0,0
TIP-00882,USR-0162,south,power_user,web,treatment,1,0,2,44.45,3.32,1,1,1,0.1552,6.9,1
TIP-00883,USR-0163,east,new_user,ios,control,0,1,3,16.91,3.15,1,1,1,0.1183,2.0,1
TIP-00884,USR-0164,west,casual,android,control,0,0,4,20.77,2.49,1,1,0,0.0,0.0,0
TIP-00885,USR-0165,north,power_user,web,treatment,0,0,1,24.33,2.92,1,1,1,0.1435,3.49,1
TIP-00886,USR-0166,south,new_user,ios,treatment,1,0,2,26.69,3.15,1,0,0,0.0,0.0,0
TIP-00887,USR-0167,east,casual,android,control,1,0,3,32.53,3.22,1,0,0,0.0,0.0,0
TIP-00888,USR-0168,west,power_user,web,treatment,0,0,4,33.68,3.16,1,1,0,0.0,0.0,1
TIP-00889,USR-0169,north,new_user,ios,treatment,0,0,1,36.84,2.94,1,1,1,0.1192,4.39,0
TIP-00890,USR-0170,south,casual,android,control,0,1,2,41.77,3.54,1,0,0,0.0,0.0,0
TIP-00891,USR-0171,east,power_user,web,control,1,0,3,45.0,3.47,1,0,0,0.0,0.0,0
TIP-00892,USR-0172,west,new_user,ios,treatment,1,0,4,19.89,3.46,1,0,0,0.0,0.0,0
TIP-00893,USR-0173,north,casual,android,control,0,0,1,22.42,3.55,1,1,1,0.1253,2.81,1
TIP-00894,USR-0174,south,power_user,web,control,0,0,2,23.57,2.56,1,1,0,0.0,0.0,1
TIP-00895,USR-0175,east,new_user,ios,treatment,0,0,3,27.14,2.84,1,0,0,0.0,0.0,0
TIP-00896,USR-0176,west,casual,android,treatment,1,0,4,31.25,2.85,1,0,0,0.0,0.0,0
TIP-00897,USR-0177,north,power_user,web,control,1,1,1,33.59,2.94,1,0,0,0.0,0.0,0
TIP-00898,USR-0178,south,new_user,ios,treatment,0,0,2,38.63,2.57,1,0,0,0.0,0.0,0
TIP-00899,USR-0179,east,casual,android,treatment,0,0,3,40.72,2.88,1,0,0,0.0,0.0,0
TIP-00900,USR-0180,west,power_user,web,control,0,0,4,43.26,3.53,1,0,0,0.0,0.0,0
TIP-00901,USR-0181,north,new_user,ios,control,1,0,1,19.71,3.39,1,1,0,0.0,0.0,0
TIP-00902,USR-0182,south,casual,android,treatment,1,0,2,20.66,3.06,1,1,1,0.1196,2.47,1
TIP-00903,USR-0183,east,power_user,web,control,0,0,3,26.14,3.23,1,0,0,0.0,0.0,0
TIP-00904,USR-0184,west,new_user,ios,control,0,1,4,28.36,3.33,1,1,1,0.1435,4.07,1
TIP-00905,USR-0185,north,casual,android,treatment,0,0,1,31.18,3.57,1,0,0,0.0,0.0,0
TIP-00906,USR-0186,south,power_user,web,treatment,1,0,2,35.58,3.38,1,0,0,0.0,0.0,0
TIP-00907,USR-0187,east,new_user,ios,control,1,0,3,38.93,3.15,1,1,1,0.112,4.36,0
TIP-00908,USR-0188,west,casual,android,treatment,0,0,4,40.73,3.08,1,1,1,0.1647,6.71,1
TIP-00909,USR-0189,north,power_user,web,treatment,0,0,1,45.52,3.26,1,1,1,0.1037,4.72,1
TIP-00910,USR-0190,south,new_user,ios,control,0,0,2,18.66,2.85,1,0,0,0.0,0.0,0
TIP-00911,USR-0191,east,casual,android,control,1,1,3,20.83,3.44,1,1,1,0.1427,2.97,1
TIP-00912,USR-0192,west,power_user,web,treatment,1,0,4,24.8,3.07,1,0,0,0.0,0.0,0
TIP-00913,USR-0193,north,new_user,ios,control,0,0,1,27.59,3.43,1,1,1,0.1002,2.76,1
TIP-00914,USR-0194,south,casual,android,control,0,0,2,30.33,2.6,1,1,1,0.1248,3.79,1
TIP-00915,USR-0195,east,power_user,web,treatment,0,0,3,33.27,3.55,1,1,0,0.0,0.0,1
TIP-00916,USR-0196,west,new_user,ios,treatment,1,0,4,37.6,3.94,1,0,0,0.0,0.0,0
TIP-00917,USR-0197,north,casual,android,control,1,0,1,40.85,3.63,1,0,0,0.0,0.0,0
TIP-00918,USR-0198,south,power_user,web,treatment,0,1,2,43.36,3.11,1,1,1,0.149,6.46,1
TIP-00919,USR-0199,east,new_user,ios,treatment,0,0,3,19.4,3.01,1,0,0,0.0,0.0,0
TIP-00920,USR-0200,west,casual,android,control,0,0,4,21.44,2.86,1,1,1,0.1683,3.61,1
TIP-00921,USR-0201,north,power_user,web,control,1,0,1,23.26,2.97,1,0,0,0.0,0.0,0
TIP-00922,USR-0202,south,new_user,ios,treatment,1,0,2,29.48,3.06,1,0,0,0.0,0.0,0
TIP-00923,USR-0203,east,casual,android,control,0,0,3,31.68,2.68,1,0,0,0.0,0.0,0
TIP-00924,USR-0204,west,power_user,web,control,0,0,4,33.94,3.23,1,1,0,0.0,0.0,0
TIP-00925,USR-0205,north,new_user,ios,treatment,0,1,1,37.22,2.81,1,0,0,0.0,0.0,0
TIP-00926,USR-0206,south,casual,android,treatment,1,0,2,39.66,3.02,1,0,0,0.0,0.0,0
TIP-00927,USR-0207,east,power_user,web,control,1,0,3,43.48,3.53,1,1,0,0.0,0.0,1
TIP-00928,USR-0208,west,new_user,ios,treatment,0,0,4,17.32,2.74,1,1,1,0.1417,2.45,1
TIP-00929,USR-0209,north,casual,android,treatment,0,0,1,20.87,2.98,1,0,0,0.0,0.0,0
TIP-00930,USR-0210,south,power_user,web,control,0,0,2,24.36,3.14,1,0,0,0.0,0.0,0
TIP-00931,USR-0211,east,new_user,ios,control,1,0,3,27.72,3.04,1,1,0,0.0,0.0,1
TIP-00932,USR-0212,west,casual,android,treatment,1,1,4,32.61,3.61,1,1,1,0.1327,4.33,1
TIP-00933,USR-0213,north,power_user,web,control,0,0,1,35.61,3.09,1,1,1,0.1351,4.81,1
TIP-00934,USR-0214,south,new_user,ios,control,0,0,2,36.84,2.66,1,0,0,0.0,0.0,0
TIP-00935,USR-0215,east,casual,android,treatment,0,0,3,42.03,2.83,1,1,1,0.1535,6.45,1
TIP-00936,USR-0216,west,power_user,web,treatment,1,0,4,45.08,2.87,1,0,0,0.0,0.0,0
TIP-00937,USR-0217,north,new_user,ios,control,1,0,1,19.55,3.2,1,1,0,0.0,0.0,1
TIP-00938,USR-0218,south,casual,android,treatment,0,0,2,20.87,2.98,1,0,0,0.0,0.0,0
TIP-00939,USR-0219,east,power_user,web,treatment,0,1,3,25.43,2.68,1,1,1,0.154,3.92,1
TIP-00940,USR-0220,west,new_user,ios,control,0,0,4,28.08,3.19,1,1,1,0.1467,4.12,0
TIP-00941,USR-0221,north,casual,android,control,1,0,1,31.01,3.24,1,1,1,0.093,2.88,0
TIP-00942,USR-0222,south,power_user,web,treatment,1,0,2,35.51,3.22,1,1,1,0.1617,5.74,0
TIP-00943,USR-0223,east,new_user,ios,control,0,0,3,37.53,2.5,1,1,1,0.1217,4.57,1
TIP-00944,USR-0224,west,casual,android,control,0,0,4,40.4,2.94,1,1,1,0.126,5.09,1
TIP-00945,USR-0225,north,power_user,web,treatment,0,0,1,43.65,2.91,1,1,1,0.1162,5.07,1
TIP-00946,USR-0226,south,new_user,ios,treatment,1,1,2,19.71,3.73,1,0,0,0.0,0.0,0
TIP-00947,USR-0227,east,casual,android,control,1,0,3,20.91,3.66,1,0,0,0.0,0.0,0
TIP-00948,USR-0228,west,power_user,web,treatment,0,0,4,24.52,3.43,1,1,1,0.162,3.97,1
TIP-00949,USR-0229,north,new_user,ios,treatment,0,0,1,27.27,3.18,1,1,1,0.1057,2.88,1
TIP-00950,USR-0230,south,casual,android,control,0,0,2,30.2,2.6,1,1,0,0.0,0.0,1
TIP-00951,USR-0231,east,power_user,web,control,1,0,3,33.54,3.01,1,1,1,0.1261,4.23,0
TIP-00952,USR-0232,west,new_user,ios,treatment,1,0,4,39.19,3.35,1,0,0,0.0,0.0,0
TIP-00953,USR-0233,north,casual,android,control,0,1,1,40.26,3.42,1,0,0,0.0,0.0,0
TIP-00954,USR-0234,south,power_user,web,control,0,0,2,42.58,3.34,1,1,1,0.1116,4.75,0
TIP-00955,USR-0235,east,new_user,ios,treatment,0,0,3,19.42,3.4,1,1,0,0.0,0.0,1
TIP-00956,USR-0236,west,casual,android,treatment,1,0,4,22.47,3.33,1,0,0,0.0,0.0,0
TIP-00957,USR-0237,north,power_user,web,control,1,0,1,23.31,3.35,1,0,0,0.0,0.0,0
TIP-00958,USR-0238,south,new_user,ios,treatment,0,0,2,28.07,3.57,1,1,0,0.0,0.0,1
TIP-00959,USR-0239,east,casual,android,treatment,0,0,3,30.63,3.18,1,1,0,0.0,0.0,1
TIP-00960,USR-0240,west,power_user,web,control,0,1,4,33.61,3.19,1,1,0,0.0,0.0,0
TIP-00961,USR-0241,north,new_user,ios,control,1,0,1,36.7,2.96,1,0,0,0.0,0.0,0
TIP-00962,USR-0242,south,casual,android,treatment,1,0,2,40.24,3.02,1,1,1,0.1544,6.21,1
TIP-00963,USR-0243,east,power_user,web,control,0,0,3,42.53,3.35,1,1,1,0.1294,5.5,1
TIP-00964,USR-0244,west,new_user,ios,control,0,0,4,17.3,2.59,1,0,0,0.0,0.0,0
TIP-00965,USR-0245,north,casual,android,treatment,0,0,1,22.98,3.59,1,0,0,0.0,0.0,0
TIP-00966,USR-0246,south,power_user,web,treatment,1,0,2,23.39,3.55,1,0,0,0.0,0.0,0
TIP-00967,USR-0247,east,new_user,ios,control,1,1,3,28.93,2.98,1,1,0,0.0,0.0,0
TIP-00968,USR-0248,west,casual,android,treatment,0,0,4,32.02,3.38,1,1,1,0.1649,5.28,1
TIP-00969,USR-0249,north,power_user,web,treatment,0,0,1,33.23,3.48,1,1,1,0.1192,3.96,1
TIP-00970,USR-0250,south,new_user,ios,control,0,0,2,36.61,2.7,1,1,0,0.0,0.0,1
TIP-00971,USR-0251,east,casual,android,control,1,0,3,41.86,3.85,1,1,1,0.1175,4.92,1
TIP-00972,USR-0252,west,power_user,web,treatment,1,0,4,43.24,3.24,1,1,1,0.1478,6.39,1
TIP-00973,USR-0253,north,new_user,ios,control,0,0,1,16.86,3.43,1,0,0,0.0,0.0,0
TIP-00974,USR-0254,south,casual,android,control,0,1,2,20.76,3.28,1,0,0,0.0,0.0,0
TIP-00975,USR-0255,east,power_user,web,treatment,0,0,3,24.92,2.92,1,1,1,0.1493,3.72,1
TIP-00976,USR-0256,west,new_user,ios,treatment,1,0,4,27.43,3.54,1,1,1,0.1307,3.59,0
TIP-00977,USR-0257,north,casual,android,control,1,0,1,30.02,3.8,1,1,1,0.0984,2.95,1
TIP-00978,USR-0258,south,power_user,web,treatment,0,0,2,35.48,3.21,1,1,1,0.1251,4.44,1
TIP-00979,USR-0259,east,new_user,ios,treatment,0,0,3,37.94,2.57,1,0,0,0.0,0.0,0
TIP-00980,USR-0260,west,casual,android,control,0,0,4,39.87,3.03,1,0,0,0.0,0.0,0
TIP-00981,USR-0261,north,power_user,web,control,1,1,1,42.66,3.72,1,1,1,0.1446,6.17,1
TIP-00982,USR-0262,south,new_user,ios,treatment,1,0,2,17.98,3.62,1,0,0,0.0,0.0,0
TIP-00983,USR-0263,east,casual,android,control,0,0,3,20.85,2.53,1,1,1,0.161,3.36,0
TIP-00984,USR-0264,west,power_user,web,control,0,0,4,23.51,3.29,1,1,1,0.1459,3.43,1
TIP-00985,USR-0265,north,new_user,ios,treatment,0,0,1,28.4,2.69,1,0,0,0.0,0.0,0
TIP-00986,USR-0266,south,casual,android,treatment,1,0,2,30.93,2.96,1,0,0,0.0,0.0,0
TIP-00987,USR-0267,east,power_user,web,control,1,0,3,33.95,3.34,1,0,0,0.0,0.0,0
TIP-00988,USR-0268,west,new_user,ios,treatment,0,1,4,38.83,2.67,1,1,1,0.1456,5.65,1
TIP-00989,USR-0269,north,casual,android,treatment,0,0,1,42.39,2.98,1,1,1,0.1575,6.68,1
TIP-00990,USR-0270,south,power_user,web,control,0,0,2,43.59,3.33,1,1,0,0.0,0.0,1
TIP-00991,USR-0271,east,new_user,ios,control,1,0,3,18.6,3.08,1,0,0,0.0,0.0,0
TIP-00992,USR-0272,west,casual,android,treatment,1,0,4,22.96,3.12,1,0,0,0.0,0.0,0
TIP-00993,USR-0273,north,power_user,web,control,0,0,1,24.63,2.93,1,0,0,0.0,0.0,0
TIP-00994,USR-0274,south,new_user,ios,control,0,0,2,29.55,3.15,1,1,0,0.0,0.0,1
TIP-00995,USR-0275,east,casual,android,treatment,0,1,3,30.56,2.73,1,0,0,0.0,0.0,0
TIP-00996,USR-0276,west,power_user,web,treatment,1,0,4,32.87,3.74,1,0,0,0.0,0.0,0
TIP-00997,USR-0277,north,new_user,ios,control,1,0,1,36.88,3.45,1,1,0,0.0,0.0,1
TIP-00998,USR-0278,south,casual,android,treatment,0,0,2,39.32,2.88,1,1,1,0.143,5.62,1
TIP-00999,USR-0279,east,power_user,web,treatment,0,0,3,45.0,2.59,1,1,0,0.0,0.0,0
TIP-01000,USR-0280,west,new_user,ios,control,0,0,4,19.12,3.36,1,1,0,0.0,0.0,1
TIP-01001,USR-0281,north,casual,android,control,1,0,1,21.84,3.84,1,1,1,0.1332,2.91,1
TIP-01002,USR-0282,south,power_user,web,treatment,1,1,2,23.45,2.9,1,0,0,0.0,0.0,0
TIP-01003,USR-0283,east,new_user,ios,control,0,0,3,27.51,3.39,1,1,0,0.0,0.0,0
TIP-01004,USR-0284,west,casual,android,control,0,0,4,30.33,3.21,1,0,0,0.0,0.0,0
TIP-01005,USR-0285,north,power_user,web,treatment,0,0,1,32.84,3.35,1,1,1,0.1053,3.46,1
TIP-01006,USR-0286,south,new_user,ios,treatment,1,0,2,36.48,3.39,1,1,1,0.1512,5.52,1
TIP-01007,USR-0287,east,casual,android,control,1,0,3,40.63,3.49,1,1,1,0.1249,5.07,1
TIP-01008,USR-0288,west,power_user,web,treatment,0,0,4,42.82,2.58,1,1,1,0.149,6.38,1
TIP-01009,USR-0289,north,new_user,ios,treatment,0,1,1,18.41,3.34,1,1,1,0.1338,2.46,1
TIP-01010,USR-0290,south,casual,android,control,0,0,2,22.09,2.71,1,0,0,0.0,0.0,0
TIP-01011,USR-0291,east,power_user,web,control,1,0,3,25.55,3.11,1,1,0,0.0,0.0,1
TIP-01012,USR-0292,west,new_user,ios,treatment,1,0,4,29.36,2.94,1,0,0,0.0,0.0,0
TIP-01013,USR-0293,north,casual,android,control,0,0,1,30.96,2.87,1,1,0,0.0,0.0,1
TIP-01014,USR-0294,south,power_user,web,control,0,0,2,33.78,3.58,1,1,0,0.0,0.0,1
TIP-01015,USR-0295,east,new_user,ios,treatment,0,0,3,36.47,2.54,1,0,0,0.0,0.0,0
TIP-01016,USR-0296,west,casual,android,treatment,1,1,4,39.84,3.25,1,0,0,0.0,0.0,0
TIP-01017,USR-0297,north,power_user,web,control,1,0,1,45.13,2.96,1,1,0,0.0,0.0,0
TIP-01018,USR-0298,south,new_user,ios,treatment,0,0,2,19.58,3.39,1,1,0,0.0,0.0,1
TIP-01019,USR-0299,east,casual,android,treatment,0,0,3,21.44,2.52,1,1,1,0.1302,2.79,1
TIP-01020,USR-0300,west,power_user,web,control,0,0,4,24.03,3.02,1,0,0,0.0,0.0,0
TIP-01021,USR-0301,north,new_user,ios,control,1,0,1,26.85,3.61,1,1,1,0.1295,3.48,1
TIP-01022,USR-0302,south,casual,android,treatment,1,0,2,30.15,3.15,1,0,0,0.0,0.0,0
TIP-01023,USR-0303,east,power_user,web,control,0,1,3,34.78,2.55,1,1,1,0.1304,4.54,1
TIP-01024,USR-0304,west,new_user,ios,control,0,0,4,38.73,3.22,1,0,0,0.0,0.0,0
TIP-01025,USR-0305,north,casual,android,treatment,0,0,1,39.26,3.44,1,0,0,0.0,0.0,0
TIP-01026,USR-0306,south,power_user,web,treatment,1,0,2,43.14,3.26,1,0,0,0.0,0.0,0
TIP-01027,USR-0307,east,new_user,ios,control,1,0,3,17.12,3.19,1,0,0,0.0,0.0,0
TIP-01028,USR-0308,west,casual,android,treatment,0,0,4,21.7,2.7,1,1,1,0.1779,3.86,1
TIP-01029,USR-0309,north,power_user,web,treatment,0,0,1,23.99,3.07,1,1,1,0.1116,2.68,1
TIP-01030,USR-0310,south,new_user,ios,control,0,1,2,27.53,3.18,1,1,0,0.0,0.0,1
TIP-01031,USR-0311,east,casual,android,control,1,0,3,32.2,3.53,1,0,0,0.0,0.0,0
TIP-01032,USR-0312,west,power_user,web,treatment,1,0,4,35.65,3.74,1,1,1,0.1424,5.08,1
TIP-01033,USR-0313,north,new_user,ios,control,0,0,1,38.87,3.21,1,1,1,0.1458,5.67,1
TIP-01034,USR-0314,south,casual,android,control,0,0,2,41.2,2.74,1,1,1,0.1544,6.36,0
TIP-01035,USR-0315,east,power_user,web,treatment,0,0,3,43.45,3.09,1,1,1,0.1488,6.47,0
TIP-01036,USR-0316,west,new_user,ios,treatment,1,0,4,19.56,3.18,1,0,0,0.0,0.0,0
TIP-01037,USR-0317,north,casual,android,control,1,1,1,21.68,2.99,1,0,0,0.0,0.0,0
TIP-01038,USR-0318,south,power_user,web,treatment,0,0,2,26.32,2.65,1,0,0,0.0,0.0,0
TIP-01039,USR-0319,east,new_user,ios,treatment,0,0,3,29.33,2.84,1,0,0,0.0,0.0,0
TIP-01040,USR-0320,west,casual,android,control,0,0,4,32.64,2.62,1,1,0,0.0,0.0,1
TIP-01041,USR-0321,north,power_user,web,control,1,0,1,35.25,3.81,1,1,1,0.1174,4.14,0
TIP-01042,USR-0322,south,new_user,ios,treatment,1,0,2,38.86,3.87,1,1,0,0.0,0.0,1
TIP-01043,USR-0323,east,casual,android,control,0,0,3,39.79,3.33,1,0,0,0.0,0.0,0
TIP-01044,USR-0324,west,power_user,web,control,0,1,4,43.25,3.11,1,1,1,0.1548,6.7,1
TIP-01045,USR-0325,north,new_user,ios,treatment,0,0,1,19.0,3.01,1,1,1,0.1422,2.7,1
TIP-01046,USR-0326,south,casual,android,treatment,1,0,2,22.73,3.38,1,1,1,0.1128,2.56,0
TIP-01047,USR-0327,east,power_user,web,control,1,0,3,23.25,3.14,1,1,0,0.0,0.0,0
TIP-01048,USR-0328,west,new_user,ios,treatment,0,0,4,28.82,2.56,1,0,0,0.0,0.0,0
TIP-01049,USR-0329,north,casual,android,treatment,0,0,1,32.75,3.44,1,1,1,0.1282,4.2,1
TIP-01050,USR-0330,south,power_user,web,control,0,0,2,34.1,2.54,1,0,0,0.0,0.0,0
TIP-01051,USR-0331,east,new_user,ios,control,1,1,3,37.22,3.18,1,0,0,0.0,0.0,0
TIP-01052,USR-0332,west,casual,android,treatment,1,0,4,41.58,3.49,1,1,0,0.0,0.0,0
TIP-01053,USR-0333,north,power_user,web,control,0,0,1,44.07,2.99,1,0,0,0.0,0.0,0
TIP-01054,USR-0334,south,new_user,ios,control,0,0,2,16.94,3.59,1,1,1,0.1414,2.4,1
TIP-01055,USR-0335,east,casual,android,treatment,0,0,3,21.65,3.18,1,1,1,0.1409,3.05,1
TIP-01056,USR-0336,west,power_user,web,treatment,1,0,4,25.85,3.35,1,1,1,0.13,3.36,1
TIP-01057,USR-0337,north,new_user,ios,control,1,0,1,26.86,3.75,1,1,0,0.0,0.0,1
TIP-01058,USR-0338,south,casual,android,treatment,0,1,2,32.09,3.52,1,0,0,0.0,0.0,0
TIP-01059,USR-0339,east,power_user,web,treatment,0,0,3,33.23,2.94,1,1,1,0.1515,5.03,1
TIP-01060,USR-0340,west,new_user,ios,control,0,0,4,36.65,2.99,1,1,0,0.0,0.0,0
TIP-01061,USR-0341,north,casual,android,control,1,0,1,41.75,3.63,1,1,1,0.1177,4.91,1
TIP-01062,USR-0342,south,power_user,web,treatment,1,0,2,44.08,3.26,1,0,0,0.0,0.0,0
TIP-01063,USR-0343,east,new_user,ios,control,0,0,3,18.44,3.53,1,1,1,0.1513,2.79,0
TIP-01064,USR-0344,west,casual,android,control,0,0,4,21.81,3.22,1,1,0,0.0,0.0,1
TIP-01065,USR-0345,north,power_user,web,treatment,0,1,1,25.48,2.95,1,1,0,0.0,0.0,1
TIP-01066,USR-0346,south,new_user,ios,treatment,1,0,2,28.4,2.97,1,1,1,0.1452,4.12,1
TIP-01067,USR-0347,east,casual,android,control,1,0,3,31.07,3.78,1,1,1,0.1575,4.89,1
TIP-01068,USR-0348,west,power_user,web,treatment,0,0,4,34.68,3.01,1,1,1,0.16,5.55,1
TIP-01069,USR-0349,north,new_user,ios,treatment,0,0,1,37.75,3.17,1,0,0,0.0,0.0,0
TIP-01070,USR-0350,south,casual,android,control,0,0,2,41.84,2.54,1,1,0,0.0,0.0,1
TIP-01071,USR-0351,east,power_user,web,control,1,0,3,45.13,3.57,1,0,0,0.0,0.0,0
TIP-01072,USR-0352,west,new_user,ios,treatment,1,1,4,17.76,3.85,1,1,1,0.1368,2.43,1
TIP-01073,USR-0353,north,casual,android,control,0,0,1,21.96,3.25,1,1,0,0.0,0.0,1
TIP-01074,USR-0354,south,power_user,web,control,0,0,2,24.66,3.13,1,0,0,0.0,0.0,0
TIP-01075,USR-0355,east,new_user,ios,treatment,0,0,3,26.7,2.82,1,1,1,0.1227,3.28,1
TIP-01076,USR-0356,west,casual,android,treatment,1,0,4,31.36,3.16,1,1,0,0.0,0.0,1
TIP-01077,USR-0357,north,power_user,web,control,1,0,1,34.49,3.42,1,0,0,0.0,0.0,0
TIP-01078,USR-0358,south,new_user,ios,treatment,0,0,2,37.96,2.61,1,0,0,0.0,0.0,0
TIP-01079,USR-0359,east,casual,android,treatment,0,1,3,41.21,3.58,1,1,0,0.0,0.0,0
TIP-01080,USR-0360,west,power_user,web,control,0,0,4,45.56,2.81,1,1,1,0.1459,6.65,0
TIP-01081,USR-0001,north,new_user,ios,control,1,0,1,17.93,2.98,1,0,0,0.0,0.0,0
TIP-01082,USR-0002,south,casual,android,treatment,1,0,2,21.66,3.54,1,1,1,0.1445,3.13,1
TIP-01083,USR-0003,east,power_user,web,control,0,0,3,26.33,2.49,1,1,1,0.1155,3.04,0
TIP-01084,USR-0004,west,new_user,ios,control,0,0,4,28.96,3.59,1,1,1,0.1478,4.28,1
TIP-01085,USR-0005,north,casual,android,treatment,0,0,1,29.64,2.71,1,1,0,0.0,0.0,1
TIP-01086,USR-0006,south,power_user,web,treatment,1,1,2,34.42,3.2,1,1,1,0.1298,4.47,1
TIP-01087,USR-0007,east,new_user,ios,control,1,0,3,37.97,2.87,1,1,1,0.1276,4.84,1
TIP-01088,USR-0008,west,casual,android,treatment,0,0,4,42.13,3.37,1,0,0,0.0,0.0,0
TIP-01089,USR-0009,north,power_user,web,treatment,0,0,1,43.94,3.18,1,0,0,0.0,0.0,0
TIP-01090,USR-0010,south,new_user,ios,control,0,0,2,18.52,2.86,1,0,0,0.0,0.0,0
TIP-01091,USR-0011,east,casual,android,control,1,0,3,21.32,3.66,1,0,0,0.0,0.0,0
TIP-01092,USR-0012,west,power_user,web,treatment,1,0,4,24.16,3.64,1,1,1,0.1385,3.35,1
TIP-01093,USR-0013,north,new_user,ios,control,0,1,1,28.96,3.47,1,1,0,0.0,0.0,1
TIP-01094,USR-0014,south,casual,android,control,0,0,2,29.7,3.57,1,0,0,0.0,0.0,0
TIP-01095,USR-0015,east,power_user,web,treatment,0,0,3,35.5,3.12,1,1,1,0.1666,5.91,1
TIP-01096,USR-0016,west,new_user,ios,treatment,1,0,4,38.26,3.19,1,1,1,0.1543,5.9,1
TIP-01097,USR-0017,north,casual,android,control,1,0,1,40.65,3.89,1,1,1,0.0992,4.03,0
TIP-01098,USR-0018,south,power_user,web,treatment,0,0,2,44.89,3.49,1,1,1,0.1375,6.17,1
TIP-01099,USR-0019,east,new_user,ios,treatment,0,0,3,17.41,3.51,1,0,0,0.0,0.0,0
TIP-01100,USR-0020,west,casual,android,control,0,1,4,21.68,3.34,1,1,0,0.0,0.0,0
TIP-01101,USR-0021,north,power_user,web,control,1,0,1,26.2,3.58,1,1,0,0.0,0.0,1
TIP-01102,USR-0022,south,new_user,ios,treatment,1,0,2,28.68,3.41,1,1,0,0.0,0.0,1
TIP-01103,USR-0023,east,casual,android,control,0,0,3,31.5,2.59,1,1,1,0.1376,4.33,1
TIP-01104,USR-0024,west,power_user,web,control,0,0,4,33.8,3.13,1,1,0,0.0,0.0,1
TIP-01105,USR-0025,north,new_user,ios,treatment,0,0,1,36.62,2.79,1,1,1,0.1095,4.01,1
TIP-01106,USR-0026,south,casual,android,treatment,1,0,2,40.08,2.86,1,0,0,0.0,0.0,0
TIP-01107,USR-0027,east,power_user,web,control,1,1,3,44.04,3.07,1,1,1,0.1168,5.14,1
TIP-01108,USR-0028,west,new_user,ios,treatment,0,0,4,17.71,2.76,1,1,1,0.1456,2.58,1
TIP-01109,USR-0029,north,casual,android,treatment,0,0,1,20.42,3.01,1,0,0,0.0,0.0,0
TIP-01110,USR-0030,south,power_user,web,control,0,0,2,23.54,2.55,1,1,1,0.1338,3.15,1
TIP-01111,USR-0031,east,new_user,ios,control,1,0,3,29.08,3.61,1,0,0,0.0,0.0,0
TIP-01112,USR-0032,west,casual,android,treatment,1,0,4,30.6,3.74,1,0,0,0.0,0.0,0
TIP-01113,USR-0033,north,power_user,web,control,0,0,1,34.95,3.08,1,0,0,0.0,0.0,0
TIP-01114,USR-0034,south,new_user,ios,control,0,1,2,38.42,3.0,1,1,0,0.0,0.0,0
TIP-01115,USR-0035,east,casual,android,treatment,0,0,3,40.7,2.99,1,0,0,0.0,0.0,0
TIP-01116,USR-0036,west,power_user,web,treatment,1,0,4,44.67,3.35,1,1,1,0.1744,7.79,1
TIP-01117,USR-0037,north,new_user,ios,control,1,0,1,19.72,3.27,1,0,0,0.0,0.0,0
TIP-01118,USR-0038,south,casual,android,treatment,0,0,2,22.13,3.36,1,0,0,0.0,0.0,0
TIP-01119,USR-0039,east,power_user,web,treatment,0,0,3,24.65,2.52,1,1,1,0.1444,3.56,1
TIP-01120,USR-0040,west,new_user,ios,control,0,0,4,28.86,3.15,1,1,1,0.162,4.68,1
TIP-01121,USR-0041,north,casual,android,control,1,1,1,30.64,3.55,1,0,0,0.0,0.0,0
TIP-01122,USR-0042,south,power_user,web,treatment,1,0,2,34.5,3.28,1,1,1,0.1411,4.87,0
TIP-01123,USR-0043,east,new_user,ios,control,0,0,3,37.23,2.86,1,0,0,0.0,0.0,0
TIP-01124,USR-0044,west,casual,android,control,0,0,4,41.09,3.35,1,1,0,0.0,0.0,1
TIP-01125,USR-0045,north,power_user,web,treatment,0,0,1,43.16,3.22,1,1,0,0.0,0.0,1
TIP-01126,USR-0046,south,new_user,ios,treatment,1,0,2,18.36,3.49,1,1,1,0.1562,2.87,1
TIP-01127,USR-0047,east,casual,android,control,1,0,3,23.06,2.92,1,1,0,0.0,0.0,0
TIP-01128,USR-0048,west,power_user,web,treatment,0,1,4,24.41,3.03,1,1,1,0.1719,4.2,0
TIP-01129,USR-0049,north,new_user,ios,treatment,0,0,1,29.29,3.19,1,1,1,0.1112,3.26,1
TIP-01130,USR-0050,south,casual,android,control,0,0,2,30.85,3.13,1,1,0,0.0,0.0,1
TIP-01131,USR-0051,east,power_user,web,control,1,0,3,34.62,3.84,1,1,0,0.0,0.0,1
TIP-01132,USR-0052,west,new_user,ios,treatment,1,0,4,39.14,3.22,1,1,1,0.1813,7.1,1
TIP-01133,USR-0053,north,casual,android,control,0,0,1,39.61,2.81,1,1,1,0.0959,3.8,1
TIP-01134,USR-0054,south,power_user,web,control,0,0,2,45.03,2.89,1,0,0,0.0,0.0,0
TIP-01135,USR-0055,east,new_user,ios,treatment,0,1,3,19.57,2.75,1,0,0,0.0,0.0,0
TIP-01136,USR-0056,west,casual,android,treatment,1,0,4,21.26,3.19,1,1,1,0.157,3.34,1
TIP-01137,USR-0057,north,power_user,web,control,1,0,1,24.72,3.05,1,1,0,0.0,0.0,0
TIP-01138,USR-0058,south,new_user,ios,treatment,0,0,2,26.89,3.59,1,0,0,0.0,0.0,0
TIP-01139,USR-0059,east,casual,android,treatment,0,0,3,30.03,2.57,1,1,0,0.0,0.0,1
TIP-01140,USR-0060,west,power_user,web,control,0,0,4,34.2,3.58,1,1,1,0.1399,4.78,1
TIP-01141,USR-0061,north,new_user,ios,control,1,0,1,38.52,3.5,1,1,1,0.121,4.66,1
TIP-01142,USR-0062,south,casual,android,treatment,1,1,2,40.64,3.23,1,1,1,0.1428,5.8,0
TIP-01143,USR-0063,east,power_user,web,control,0,0,3,43.16,3.04,1,1,1,0.1292,5.58,0
TIP-01144,USR-0064,west,new_user,ios,control,0,0,4,18.62,3.27,1,1,1,0.155,2.89,1
TIP-01145,USR-0065,north,casual,android,treatment,0,0,1,22.34,3.57,1,0,0,0.0,0.0,0
TIP-01146,USR-0066,south,power_user,web,treatment,1,0,2,25.69,3.35,1,1,0,0.0,0.0,1
TIP-01147,USR-0067,east,new_user,ios,control,1,0,3,27.91,3.66,1,0,0,0.0,0.0,0
TIP-01148,USR-0068,west,casual,android,treatment,0,0,4,29.85,3.19,1,0,0,0.0,0.0,0
TIP-01149,USR-0069,north,power_user,web,treatment,0,1,1,33.8,2.55,1,1,0,0.0,0.0,1
TIP-01150,USR-0070,south,new_user,ios,control,0,0,2,37.64,3.01,1,0,0,0.0,0.0,0
TIP-01151,USR-0071,east,casual,android,control,1,0,3,40.55,3.9,1,0,0,0.0,0.0,0
TIP-01152,USR-0072,west,power_user,web,treatment,1,0,4,43.33,2.88,1,0,0,0.0,0.0,0
TIP-01153,USR-0073,north,new_user,ios,control,0,0,1,19.2,3.29,1,0,0,0.0,0.0,0
TIP-01154,USR-0074,south,casual,android,control,0,0,2,20.2,3.01,1,1,1,0.1555,3.14,0
TIP-01155,USR-0075,east,power_user,web,treatment,0,0,3,25.2,2.81,1,1,1,0.1658,4.18,1
TIP-01156,USR-0076,west,new_user,ios,treatment,1,1,4,26.82,3.15,1,0,0,0.0,0.0,0
TIP-01157,USR-0077,north,casual,android,control,1,0,1,29.65,2.96,1,1,1,0.1013,3.0,1
TIP-01158,USR-0078,south,power_user,web,treatment,0,0,2,35.39,2.78,1,0,0,0.0,0.0,0
TIP-01159,USR-0079,east,new_user,ios,treatment,0,0,3,37.55,3.37,1,0,0,0.0,0.0,0
TIP-01160,USR-0080,west,casual,android,control,0,0,4,40.3,2.58,1,1,0,0.0,0.0,1
TIP-01161,USR-0081,north,power_user,web,control,1,0,1,43.99,3.93,1,0,0,0.0,0.0,0
TIP-01162,USR-0082,south,new_user,ios,treatment,1,0,2,17.56,3.32,1,0,0,0.0,0.0,0
TIP-01163,USR-0083,east,casual,android,control,0,1,3,20.67,3.3,1,1,0,0.0,0.0,0
TIP-01164,USR-0084,west,power_user,web,control,0,0,4,23.57,2.67,1,1,1,0.158,3.72,1
TIP-01165,USR-0085,north,new_user,ios,treatment,0,0,1,28.1,2.91,1,0,0,0.0,0.0,0
TIP-01166,USR-0086,south,casual,android,treatment,1,0,2,31.12,3.0,1,0,0,0.0,0.0,0
TIP-01167,USR-0087,east,power_user,web,control,1,0,3,32.84,3.86,1,1,1,0.1619,5.32,1
TIP-01168,USR-0088,west,new_user,ios,treatment,0,0,4,36.13,3.5,1,0,0,0.0,0.0,0
TIP-01169,USR-0089,north,casual,android,treatment,0,0,1,42.26,2.96,1,0,0,0.0,0.0,0
TIP-01170,USR-0090,south,power_user,web,control,0,1,2,45.15,2.86,1,1,1,0.137,6.19,1
TIP-01171,USR-0091,east,new_user,ios,control,1,0,3,19.27,3.66,1,0,0,0.0,0.0,0
TIP-01172,USR-0092,west,casual,android,treatment,1,0,4,21.88,3.05,1,1,0,0.0,0.0,1
TIP-01173,USR-0093,north,power_user,web,control,0,0,1,24.95,3.23,1,0,0,0.0,0.0,0
TIP-01174,USR-0094,south,new_user,ios,control,0,0,2,26.44,2.6,1,1,1,0.1131,2.99,1
TIP-01175,USR-0095,east,casual,android,treatment,0,0,3,30.22,2.52,1,1,0,0.0,0.0,1
TIP-01176,USR-0096,west,power_user,web,treatment,1,0,4,35.47,3.89,1,1,1,0.1336,4.74,0
TIP-01177,USR-0097,north,new_user,ios,control,1,1,1,36.42,3.56,1,0,0,0.0,0.0,0
TIP-01178,USR-0098,south,casual,android,treatment,0,0,2,41.01,3.55,1,0,0,0.0,0.0,0
TIP-01179,USR-0099,east,power_user,web,treatment,0,0,3,44.63,2.77,1,1,0,0.0,0.0,1
TIP-01180,USR-0100,west,new_user,ios,control,0,0,4,19.75,2.79,1,1,0,0.0,0.0,0
TIP-01181,USR-0101,north,casual,android,control,1,0,1,21.03,3.02,1,1,0,0.0,0.0,1
TIP-01182,USR-0102,south,power_user,web,treatment,1,0,2,24.26,2.91,1,0,0,0.0,0.0,0
TIP-01183,USR-0103,east,new_user,ios,control,0,0,3,27.25,2.97,1,1,0,0.0,0.0,1
TIP-01184,USR-0104,west,casual,android,control,0,1,4,30.17,3.03,1,1,0,0.0,0.0,1
TIP-01185,USR-0105,north,power_user,web,treatment,0,0,1,34.86,3.49,1,0,0,0.0,0.0,0
TIP-01186,USR-0106,south,new_user,ios,treatment,1,0,2,36.33,2.92,1,0,0,0.0,0.0,0
TIP-01187,USR-0107,east,casual,android,control,1,0,3,40.0,3.33,1,0,0,0.0,0.0,0
TIP-01188,USR-0108,west,power_user,web,treatment,0,0,4,42.88,3.19,1,0,0,0.0,0.0,0
TIP-01189,USR-0109,north,new_user,ios,treatment,0,0,1,18.93,2.78,1,0,0,0.0,0.0,0
TIP-01190,USR-0110,south,casual,android,control,0,0,2,22.89,3.12,1,1,0,0.0,0.0,1
TIP-01191,USR-0111,east,power_user,web,control,1,1,3,24.6,3.77,1,0,0,0.0,0.0,0
TIP-01192,USR-0112,west,new_user,ios,treatment,1,0,4,28.91,3.43,1,1,0,0.0,0.0,0
TIP-01193,USR-0113,north,casual,android,control,0,0,1,31.14,3.11,1,0,0,0.0,0.0,0
TIP-01194,USR-0114,south,power_user,web,control,0,0,2,33.95,3.24,1,1,1,0.1537,5.22,1
TIP-01195,USR-0115,east,new_user,ios,treatment,0,0,3,37.71,3.55,1,1,1,0.1612,6.08,1
TIP-01196,USR-0116,west,casual,android,treatment,1,0,4,39.77,2.88,1,1,1,0.1653,6.57,0
TIP-01197,USR-0117,north,power_user,web,control,1,0,1,44.42,3.24,1,1,1,0.1334,5.93,1
TIP-01198,USR-0118,south,new_user,ios,treatment,0,1,2,17.42,3.28,1,0,0,0.0,0.0,0
TIP-01199,USR-0119,east,casual,android,treatment,0,0,3,21.57,2.56,1,1,1,0.1484,3.2,0
TIP-01200,USR-0120,west,power_user,web,control,0,0,4,24.64,3.59,1,1,1,0.1603,3.95,1
